0,0
0.01,-0.1
0.02,-0.2
0.03,-0.3
0.04,-0.4
0.05,-0.5
0.06,-0.6
0.07,-0.7
0.08,-0.8
0.09,-0.9
0.1,-1
0.11,-1.1
0.12,-1.2
0.13,-1.3
0.14,-1.4
0.15,-1.5
0.16,-1.6
0.17,-1.7
0.18,-1.8
0.19,-1.9
0.2,-2
0.21,-2.1
0.22,-2.2
0.23,-2.3
0.24,-2.4
0.25,-2.5
0.26,-2.6
0.27,-2.7
0.28,-2.8
0.29,-2.9
0.3,-3
0.31,-3.1
0.32,-3.2
0.33,-3.3
0.34,-3.4
0.35,-3.5
0.36,-3.6
0.37,-3.7
0.38,-3.8
0.39,-3.9
0.4,-4
0.41,-4.1
0.42,-4.2
0.43,-4.3
0.44,-4.4
0.45,-4.5
0.46,-4.6
0.47,-4.7
0.48,-4.8
0.49,-4.9
0.5,-5
0.51,-5.1
0.52,-5.2
0.53,-5.3
0.54,-5.4
0.55,-5.5
0.56,-5.6
0.57,-5.7
0.58,-5.8
0.59,-5.9
0.6,-6
0.61,-6.1
0.62,-6.2
0.63,-6.3
0.64,-6.4
0.65,-6.5
0.66,-6.6
0.67,-6.7
0.68,-6.8
0.69,-6.9
0.7,-7
0.71,-7.1
0.72,-7.2
0.73,-7.3
0.74,-7.4
0.75,-7.5
0.76,-7.6
0.77,-7.7
0.78,-7.8
0.79,-7.9
0.8,-8
0.81,-8.1
0.82,-8.2
0.83,-8.3
0.84,-8.4
0.85,-8.5
0.86,-8.6
0.87,-8.7
0.88,-8.8
0.89,-8.9
0.9,-9
0.91,-9.1
0.92,-9.2
0.93,-9.3
0.94,-9.4
0.95,-9.5
0.96,-9.6
0.97,-9.7
0.98,-9.8
0.99,-9.9
1,-10
1.01,-10.1
1.02,-10.2
1.03,-10.3
1.04,-10.4
1.05,-10.5
1.06,-10.6
1.07,-10.7
1.08,-10.8
1.09,-10.9
1.1,-11
1.11,-11.1
1.12,-11.2
1.13,-11.3
1.14,-11.4
1.15,-11.5
1.16,-11.6
1.17,-11.7
1.18,-11.8
1.19,-11.9
1.2,-12
1.21,-12.1
1.22,-12.2
1.23,-12.3
1.24,-12.4
1.25,-12.5
1.26,-12.6
1.27,-12.7
1.28,-12.8
1.29,-12.9
1.3,-13
1.31,-13.1
1.32,-13.2
1.33,-13.3
1.34,-13.4
1.35,-13.5
1.36,-13.6
1.37,-13.7
1.38,-13.8
1.39,-13.9
1.4,-14
1.41,-14.1
1.42,-14.2
1.43,-14.3
1.44,-14.4
1.45,-14.5
1.46,-14.6
1.47,-14.7
1.48,-14.8
1.49,-14.9
1.5,-15
1.51,-15.1
1.52,-15.2
1.53,-15.3
1.54,-15.4
1.55,-15.5
1.56,-15.6
1.57,-15.7
1.58,-15.8
1.59,-15.9
1.6,-16
1.61,-16.1
1.62,-16.2
1.63,-16.3
1.64,-16.4
1.65,-16.5
1.66,-16.6
1.67,-16.7
1.68,-16.8
1.69,-16.9
1.7,-17
1.71,-17.1
1.72,-17.2
1.73,-17.3
1.74,-17.4
1.75,-17.5
1.76,-17.6
1.77,-17.7
1.78,-17.8
1.79,-17.9
1.8,-18
1.81,-18.1
1.82,-18.2
1.83,-18.3
1.84,-18.4
1.85,-18.5
1.86,-18.6
1.87,-18.7
1.88,-18.8
1.89,-18.9
1.9,-19
1.91,-19.1
1.92,-19.2
1.93,-19.3
1.94,-19.4
1.95,-19.5
1.96,-19.6
1.97,-19.7
1.98,-19.8
1.99,-19.9
2,-20
2.01,-20.1
2.02,-20.2
2.03,-20.3
2.04,-20.4
2.05,-20.5
2.06,-20.6
2.07,-20.7
2.08,-20.8
2.09,-20.9
2.1,-21
2.11,-21.1
2.12,-21.2
2.13,-21.3
2.14,-21.4
2.15,-21.5
2.16,-21.6
2.17,-21.7
2.18,-21.8
2.19,-21.9
2.2,-22
2.21,-22.1
2.22,-22.2
2.23,-22.3
2.24,-22.4
2.25,-22.5
2.26,-22.6
2.27,-22.7
2.28,-22.8
2.29,-22.9
2.3,-23
2.31,-23.1
2.32,-23.2
2.33,-23.3
2.34,-23.4
2.35,-23.5
2.36,-23.6
2.37,-23.7
2.38,-23.8
2.39,-23.9
2.4,-24
2.41,-24.1
2.42,-24.2
2.43,-24.3
2.44,-24.4
2.45,-24.5
2.46,-24.6
2.47,-24.7
2.48,-24.8
2.49,-24.9
2.5,-25
2.51,-25.1
2.52,-25.2
2.53,-25.3
2.54,-25.4
2.55,-25.5
2.56,-25.6
2.57,-25.7
2.58,-25.8
2.59,-25.9
2.6,-26
2.61,-26.1
2.62,-26.2
2.63,-26.3
2.64,-26.4
2.65,-26.5
2.66,-26.6
2.67,-26.7
2.68,-26.8
2.69,-26.9
2.7,-27
2.71,-27.1
2.72,-27.2
2.73,-27.3
2.74,-27.4
2.75,-27.5
2.76,-27.6
2.77,-27.7
2.78,-27.8
2.79,-27.9
2.8,-28
2.81,-28.1
2.82,-28.2
2.83,-28.3
2.84,-28.4
2.85,-28.5
2.86,-28.6
2.87,-28.7
2.88,-28.8
2.89,-28.9
2.9,-29
2.91,-29.1
2.92,-29.2
2.93,-29.3
2.94,-29.4
2.95,-29.5
2.96,-29.6
2.97,-29.7
2.98,-29.8
2.99,-29.9
3,-30
3.01,-30.1
3.02,-30.2
3.03,-30.3
3.04,-30.4
3.05,-30.5
3.06,-30.6
3.07,-30.7
3.08,-30.8
3.09,-30.9
3.1,-31
3.11,-31.1
3.12,-31.2
3.13,-31.3
3.14,-31.4
3.15,-31.5
3.16,-31.6
3.17,-31.7
3.18,-31.8
3.19,-31.9
3.2,-32
3.21,-32.1
3.22,-32.2
3.23,-32.3
3.24,-32.4
3.25,-32.5
3.26,-32.6
3.27,-32.7
3.28,-32.8
3.29,-32.9
3.3,-33
3.31,-33.1
3.32,-33.2
3.33,-33.3
3.34,-33.4
3.35,-33.5
3.36,-33.6
3.37,-33.7
3.38,-33.8
3.39,-33.9
3.4,-34
3.41,-34.1
3.42,-34.2
3.43,-34.3
3.44,-34.4
3.45,-34.5
3.46,-34.6
3.47,-34.7
3.48,-34.8
3.49,-34.9
3.5,-35
3.51,-35.1
3.52,-35.2
3.53,-35.3
3.54,-35.4
3.55,-35.5
3.56,-35.6
3.57,-35.7
3.58,-35.8
3.59,-35.9
3.6,-36
3.61,-36.1
3.62,-36.2
3.63,-36.3
3.64,-36.4
3.65,-36.5
3.66,-36.6
3.67,-36.7
3.68,-36.8
3.69,-36.9
3.7,-37
3.71,-37.1
3.72,-37.2
3.73,-37.3
3.74,-37.4
3.75,-37.5
3.76,-37.6
3.77,-37.7
3.78,-37.8
3.79,-37.9
3.8,-38
3.81,-38.1
3.82,-38.2
3.83,-38.3
3.84,-38.4
3.85,-38.5
3.86,-38.6
3.87,-38.7
3.88,-38.8
3.89,-38.9
3.9,-39
3.91,-39.1
3.92,-39.2
3.93,-39.3
3.94,-39.4
3.95,-39.5
3.96,-39.6
3.97,-39.7
3.98,-39.8
3.99,-39.9
4,-40
4.01,-40.1
4.02,-40.2
4.03,-40.3
4.04,-40.4
4.05,-40.5
4.06,-40.6
4.07,-40.7
4.08,-40.8
4.09,-40.9
4.1,-41
4.11,-41.1
4.12,-41.2
4.13,-41.3
4.14,-41.4
4.15,-41.5
4.16,-41.6
4.17,-41.7
4.18,-41.8
4.19,-41.9
4.2,-42
4.21,-42.1
4.22,-42.2
4.23,-42.3
4.24,-42.4
4.25,-42.5
4.26,-42.6
4.27,-42.7
4.28,-42.8
4.29,-42.9
4.3,-43
4.31,-43.1
4.32,-43.2
4.33,-43.3
4.34,-43.4
4.35,-43.5
4.36,-43.6
4.37,-43.7
4.38,-43.8
4.39,-43.9
4.4,-44
4.41,-44.1
4.42,-44.2
4.43,-44.3
4.44,-44.4
4.45,-44.5
4.46,-44.6
4.47,-44.7
4.48,-44.8
4.49,-44.9
4.5,-45
4.51,-45.1
4.52,-45.2
4.53,-45.3
4.54,-45.4
4.55,-45.5
4.56,-45.6
4.57,-45.7
4.58,-45.8
4.59,-45.9
4.6,-46
4.61,-46.1
4.62,-46.2
4.63,-46.3
4.64,-46.4
4.65,-46.5
4.66,-46.6
4.67,-46.7
4.68,-46.8
4.69,-46.9
4.7,-47
4.71,-47.1
4.72,-47.2
4.73,-47.3
4.74,-47.4
4.75,-47.5
4.76,-47.6
4.77,-47.7
4.78,-47.8
4.79,-47.9
4.8,-48
4.81,-48.1
4.82,-48.2
4.83,-48.3
4.84,-48.4
4.85,-48.5
4.86,-48.6
4.87,-48.7
4.88,-48.8
4.89,-48.9
4.9,-49
4.91,-49.1
4.92,-49.2
4.93,-49.3
4.94,-49.4
4.95,-49.5
4.96,-49.6
4.97,-49.7
4.98,-49.8
4.99,-49.9
5,-50
5.01,-49.9
5.02,-49.8
5.03,-49.7
5.04,-49.6
5.05,-49.5
5.06,-49.4
5.07,-49.3
5.08,-49.2
5.09,-49.1
5.1,-49
5.11,-48.9
5.12,-48.8
5.13,-48.7
5.14,-48.6
5.15,-48.5
5.16,-48.4
5.17,-48.3
5.18,-48.2
5.19,-48.1
5.2,-48
5.21,-47.9
5.22,-47.8
5.23,-47.7
5.24,-47.6
5.25,-47.5
5.26,-47.4
5.27,-47.3
5.28,-47.2
5.29,-47.1
5.3,-47
5.31,-46.9
5.32,-46.8
5.33,-46.7
5.34,-46.6
5.35,-46.5
5.36,-46.4
5.37,-46.3
5.38,-46.2
5.39,-46.1
5.4,-46
5.41,-45.9
5.42,-45.8
5.43,-45.7
5.44,-45.6
5.45,-45.5
5.46,-45.4
5.47,-45.3
5.48,-45.2
5.49,-45.1
5.5,-45
5.51,-44.9
5.52,-44.8
5.53,-44.7
5.54,-44.6
5.55,-44.5
5.56,-44.4
5.57,-44.3
5.58,-44.2
5.59,-44.1
5.6,-44
5.61,-43.9
5.62,-43.8
5.63,-43.7
5.64,-43.6
5.65,-43.5
5.66,-43.4
5.67,-43.3
5.68,-43.2
5.69,-43.1
5.7,-43
5.71,-42.9
5.72,-42.8
5.73,-42.7
5.74,-42.6
5.75,-42.5
5.76,-42.4
5.77,-42.3
5.78,-42.2
5.79,-42.1
5.8,-42
5.81,-41.9
5.82,-41.8
5.83,-41.7
5.84,-41.6
5.85,-41.5
5.86,-41.4
5.87,-41.3
5.88,-41.2
5.89,-41.1
5.9,-41
5.91,-40.9
5.92,-40.8
5.93,-40.7
5.94,-40.6
5.95,-40.5
5.96,-40.4
5.97,-40.3
5.98,-40.2
5.99,-40.1
6,-40
6.01,-39.9
6.02,-39.8
6.03,-39.7
6.04,-39.6
6.05,-39.5
6.06,-39.4
6.07,-39.3
6.08,-39.2
6.09,-39.1
6.1,-39
6.11,-38.9
6.12,-38.8
6.13,-38.7
6.14,-38.6
6.15,-38.5
6.16,-38.4
6.17,-38.3
6.18,-38.2
6.19,-38.1
6.2,-38
6.21,-37.9
6.22,-37.8
6.23,-37.7
6.24,-37.6
6.25,-37.5
6.26,-37.4
6.27,-37.3
6.28,-37.2
6.29,-37.1
6.3,-37
6.31,-36.9
6.32,-36.8
6.33,-36.7
6.34,-36.6
6.35,-36.5
6.36,-36.4
6.37,-36.3
6.38,-36.2
6.39,-36.1
6.4,-36
6.41,-35.9
6.42,-35.8
6.43,-35.7
6.44,-35.6
6.45,-35.5
6.46,-35.4
6.47,-35.3
6.48,-35.2
6.49,-35.1
6.5,-35
6.51,-34.9
6.52,-34.8
6.53,-34.7
6.54,-34.6
6.55,-34.5
6.56,-34.4
6.57,-34.3
6.58,-34.2
6.59,-34.1
6.6,-34
6.61,-33.9
6.62,-33.8
6.63,-33.7
6.64,-33.6
6.65,-33.5
6.66,-33.4
6.67,-33.3
6.68,-33.2
6.69,-33.1
6.7,-33
6.71,-32.9
6.72,-32.8
6.73,-32.7
6.74,-32.6
6.75,-32.5
6.76,-32.4
6.77,-32.3
6.78,-32.2
6.79,-32.1
6.8,-32
6.81,-31.9
6.82,-31.8
6.83,-31.7
6.84,-31.6
6.85,-31.5
6.86,-31.4
6.87,-31.3
6.88,-31.2
6.89,-31.1
6.9,-31
6.91,-30.9
6.92,-30.8
6.93,-30.7
6.94,-30.6
6.95,-30.5
6.96,-30.4
6.97,-30.3
6.98,-30.2
6.99,-30.1
7,-30
7.01,-29.9
7.02,-29.8
7.03,-29.7
7.04,-29.6
7.05,-29.5
7.06,-29.4
7.07,-29.3
7.08,-29.2
7.09,-29.1
7.1,-29
7.11,-28.9
7.12,-28.8
7.13,-28.7
7.14,-28.6
7.15,-28.5
7.16,-28.4
7.17,-28.3
7.18,-28.2
7.19,-28.1
7.2,-28
7.21,-27.9
7.22,-27.8
7.23,-27.7
7.24,-27.6
7.25,-27.5
7.26,-27.4
7.27,-27.3
7.28,-27.2
7.29,-27.1
7.3,-27
7.31,-26.9
7.32,-26.8
7.33,-26.7
7.34,-26.6
7.35,-26.5
7.36,-26.4
7.37,-26.3
7.38,-26.2
7.39,-26.1
7.4,-26
7.41,-25.9
7.42,-25.8
7.43,-25.7
7.44,-25.6
7.45,-25.5
7.46,-25.4
7.47,-25.3
7.48,-25.2
7.49,-25.1
7.5,-25
7.51,-24.9
7.52,-24.8
7.53,-24.7
7.54,-24.6
7.55,-24.5
7.56,-24.4
7.57,-24.3
7.58,-24.2
7.59,-24.1
7.6,-24
7.61,-23.9
7.62,-23.8
7.63,-23.7
7.64,-23.6
7.65,-23.5
7.66,-23.4
7.67,-23.3
7.68,-23.2
7.69,-23.1
7.7,-23
7.71,-22.9
7.72,-22.8
7.73,-22.7
7.74,-22.6
7.75,-22.5
7.76,-22.4
7.77,-22.3
7.78,-22.2
7.79,-22.1
7.8,-22
7.81,-21.9
7.82,-21.8
7.83,-21.7
7.84,-21.6
7.85,-21.5
7.86,-21.4
7.87,-21.3
7.88,-21.2
7.89,-21.1
7.9,-21
7.91,-20.9
7.92,-20.8
7.93,-20.7
7.94,-20.6
7.95,-20.5
7.96,-20.4
7.97,-20.3
7.98,-20.2
7.99,-20.1
8,-20
8.01,-19.9
8.02,-19.8
8.03,-19.7
8.04,-19.6
8.05,-19.5
8.06,-19.4
8.07,-19.3
8.08,-19.2
8.09,-19.1
8.1,-19
8.11,-18.9
8.12,-18.8
8.13,-18.7
8.14,-18.6
8.15,-18.5
8.16,-18.4
8.17,-18.3
8.18,-18.2
8.19,-18.1
8.2,-18
8.21,-17.9
8.22,-17.8
8.23,-17.7
8.24,-17.6
8.25,-17.5
8.26,-17.4
8.27,-17.3
8.28,-17.2
8.29,-17.1
8.3,-17
8.31,-16.9
8.32,-16.8
8.33,-16.7
8.34,-16.6
8.35,-16.5
8.36,-16.4
8.37,-16.3
8.38,-16.2
8.39,-16.1
8.4,-16
8.41,-15.9
8.42,-15.8
8.43,-15.7
8.44,-15.6
8.45,-15.5
8.46,-15.4
8.47,-15.3
8.48,-15.2
8.49,-15.1
8.5,-15
8.51,-14.9
8.52,-14.8
8.53,-14.7
8.54,-14.6
8.55,-14.5
8.56,-14.4
8.57,-14.3
8.58,-14.2
8.59,-14.1
8.6,-14
8.61,-13.9
8.62,-13.8
8.63,-13.7
8.64,-13.6
8.65,-13.5
8.66,-13.4
8.67,-13.3
8.68,-13.2
8.69,-13.1
8.7,-13
8.71,-12.9
8.72,-12.8
8.73,-12.7
8.74,-12.6
8.75,-12.5
8.76,-12.4
8.77,-12.3
8.78,-12.2
8.79,-12.1
8.8,-12
8.81,-11.9
8.82,-11.8
8.83,-11.7
8.84,-11.6
8.85,-11.5
8.86,-11.4
8.87,-11.3
8.88,-11.2
8.89,-11.1
8.9,-11
8.91,-10.9
8.92,-10.8
8.93,-10.7
8.94,-10.6
8.95,-10.5
8.96,-10.4
8.97,-10.3
8.98,-10.2
8.99,-10.1
9,-10
9.01,-9.9
9.02,-9.8
9.03,-9.7
9.04,-9.6
9.05,-9.5
9.06,-9.4
9.07,-9.3
9.08,-9.2
9.09,-9.1
9.1,-9
9.11,-8.9
9.12,-8.8
9.13,-8.7
9.14,-8.6
9.15,-8.5
9.16,-8.4
9.17,-8.3
9.18,-8.2
9.19,-8.1
9.2,-8
9.21,-7.9
9.22,-7.8
9.23,-7.7
9.24,-7.6
9.25,-7.5
9.26,-7.4
9.27,-7.3
9.28,-7.2
9.29,-7.1
9.3,-7
9.31,-6.9
9.32,-6.8
9.33,-6.7
9.34,-6.6
9.35,-6.5
9.36,-6.4
9.37,-6.3
9.38,-6.2
9.39,-6.1
9.4,-6
9.41,-5.9
9.42,-5.8
9.43,-5.7
9.44,-5.6
9.45,-5.5
9.46,-5.4
9.47,-5.3
9.48,-5.2
9.49,-5.1
9.5,-5
9.51,-4.9
9.52,-4.8
9.53,-4.7
9.54,-4.6
9.55,-4.5
9.56,-4.4
9.57,-4.3
9.58,-4.2
9.59,-4.1
9.6,-4
9.61,-3.9
9.62,-3.8
9.63,-3.7
9.64,-3.6
9.65,-3.5
9.66,-3.4
9.67,-3.3
9.68,-3.2
9.69,-3.1
9.7,-3
9.71,-2.9
9.72,-2.8
9.73,-2.7
9.74,-2.6
9.75,-2.5
9.76,-2.4
9.77,-2.3
9.78,-2.2
9.79,-2.1
9.8,-2
9.81,-1.9
9.82,-1.8
9.83,-1.7
9.84,-1.6
9.85,-1.5
9.86,-1.4
9.87,-1.3
9.88,-1.2
9.89,-1.1
9.9,-1
9.91,-0.9
9.92,-0.8
9.93,-0.7
9.94,-0.6
9.95,-0.5
9.96,-0.4
9.97,-0.3
9.98,-0.2
9.99,-0.1
10,0
