0.00,0.00,0.00
0.01,0.10,0.10
0.02,0.20,0.20
0.03,0.30,0.30
0.04,0.40,0.40
0.05,0.50,0.50
0.06,0.60,0.60
0.07,0.70,0.70
0.08,0.80,0.80
0.09,0.90,0.90
0.10,1.00,1.00
0.11,1.10,1.10
0.12,1.20,1.20
0.13,1.30,1.30
0.14,1.40,1.40
0.15,1.50,1.50
0.16,1.60,1.60
0.17,1.70,1.70
0.18,1.80,1.80
0.19,1.90,1.90
0.20,2.00,2.00
0.21,2.10,2.10
0.22,2.20,2.20
0.23,2.30,2.30
0.24,2.40,2.40
0.25,2.50,2.50
0.26,2.60,2.60
0.27,2.70,2.70
0.28,2.80,2.80
0.29,2.90,2.90
0.30,3.00,3.00
0.31,3.10,3.10
0.32,3.20,3.20
0.33,3.30,3.30
0.34,3.40,3.40
0.35,3.50,3.50
0.36,3.60,3.60
0.37,3.70,3.70
0.38,3.80,3.80
0.39,3.90,3.90
0.40,4.00,4.00
0.41,4.10,3.90
0.42,4.20,3.80
0.43,4.30,3.70
0.44,4.40,3.60
0.45,4.50,3.50
0.46,4.60,3.40
0.47,4.70,3.30
0.48,4.80,3.20
0.49,4.90,3.10
0.50,5.00,3.00
0.51,5.10,2.90
0.52,5.20,2.80
0.53,5.30,2.70
0.54,5.40,2.60
0.55,5.50,2.50
0.56,5.60,2.40
0.57,5.70,2.30
0.58,5.80,2.20
0.59,5.90,2.10
0.60,6.00,2.00
0.61,6.10,1.90
0.62,6.20,1.80
0.63,6.30,1.70
0.64,6.40,1.60
0.65,6.50,1.50
0.66,6.60,1.40
0.67,6.70,1.30
0.68,6.80,1.20
0.69,6.90,1.10
0.70,7.00,1.00
0.71,7.10,0.90
0.72,7.20,0.80
0.73,7.30,0.70
0.74,7.40,0.60
0.75,7.50,0.50
0.76,7.60,0.40
0.77,7.70,0.30
0.78,7.80,0.20
0.79,7.90,0.10
0.80,8.00,0.00
0.81,8.10,0.10
0.82,8.20,0.20
0.83,8.30,0.30
0.84,8.40,0.40
0.85,8.50,0.50
0.86,8.60,0.60
0.87,8.70,0.70
0.88,8.80,0.80
0.89,8.90,0.90
0.90,9.00,1.00
0.91,9.10,1.10
0.92,9.20,1.20
0.93,9.30,1.30
0.94,9.40,1.40
0.95,9.50,1.50
0.96,9.60,1.60
0.97,9.70,1.70
0.98,9.80,1.80
0.99,9.90,1.90
1.00,10.00,2.00
1.01,10.10,2.10
1.02,10.20,2.20
1.03,10.30,2.30
1.04,10.40,2.40
1.05,10.50,2.50
1.06,10.60,2.60
1.07,10.70,2.70
1.08,10.80,2.80
1.09,10.90,2.90
1.10,11.00,3.00
1.11,11.10,3.10
1.12,11.20,3.20
1.13,11.30,3.30
1.14,11.40,3.40
1.15,11.50,3.50
1.16,11.60,3.60
1.17,11.70,3.70
1.18,11.80,3.80
1.19,11.90,3.90
1.20,12.00,4.00
1.21,12.10,3.90
1.22,12.20,3.80
1.23,12.30,3.70
1.24,12.40,3.60
1.25,12.50,3.50
1.26,12.60,3.40
1.27,12.70,3.30
1.28,12.80,3.20
1.29,12.90,3.10
1.30,13.00,3.00
1.31,13.10,2.90
1.32,13.20,2.80
1.33,13.30,2.70
1.34,13.40,2.60
1.35,13.50,2.50
1.36,13.60,2.40
1.37,13.70,2.30
1.38,13.80,2.20
1.39,13.90,2.10
1.40,14.00,2.00
1.41,14.10,1.90
1.42,14.20,1.80
1.43,14.30,1.70
1.44,14.40,1.60
1.45,14.50,1.50
1.46,14.60,1.40
1.47,14.70,1.30
1.48,14.80,1.20
1.49,14.90,1.10
1.50,15.00,1.00
1.51,15.10,0.90
1.52,15.20,0.80
1.53,15.30,0.70
1.54,15.40,0.60
1.55,15.50,0.50
1.56,15.60,0.40
1.57,15.70,0.30
1.58,15.80,0.20
1.59,15.90,0.10
1.60,16.00,0.00
1.61,16.10,0.10
1.62,16.20,0.20
1.63,16.30,0.30
1.64,16.40,0.40
1.65,16.50,0.50
1.66,16.60,0.60
1.67,16.70,0.70
1.68,16.80,0.80
1.69,16.90,0.90
1.70,17.00,1.00
1.71,17.10,1.10
1.72,17.20,1.20
1.73,17.30,1.30
1.74,17.40,1.40
1.75,17.50,1.50
1.76,17.60,1.60
1.77,17.70,1.70
1.78,17.80,1.80
1.79,17.90,1.90
1.80,18.00,2.00
1.81,18.10,2.10
1.82,18.20,2.20
1.83,18.30,2.30
1.84,18.40,2.40
1.85,18.50,2.50
1.86,18.60,2.60
1.87,18.70,2.70
1.88,18.80,2.80
1.89,18.90,2.90
1.90,19.00,3.00
1.91,19.10,3.10
1.92,19.20,3.20
1.93,19.30,3.30
1.94,19.40,3.40
1.95,19.50,3.50
1.96,19.60,3.60
1.97,19.70,3.70
1.98,19.80,3.80
1.99,19.90,3.90
2.00,20.00,4.00
2.01,20.10,3.90
2.02,20.20,3.80
2.03,20.30,3.70
2.04,20.40,3.60
2.05,20.50,3.50
2.06,20.60,3.40
2.07,20.70,3.30
2.08,20.80,3.20
2.09,20.90,3.10
2.10,21.00,3.00
2.11,21.10,2.90
2.12,21.20,2.80
2.13,21.30,2.70
2.14,21.40,2.60
2.15,21.50,2.50
2.16,21.60,2.40
2.17,21.70,2.30
2.18,21.80,2.20
2.19,21.90,2.10
2.20,22.00,2.00
2.21,22.10,1.90
2.22,22.20,1.80
2.23,22.30,1.70
2.24,22.40,1.60
2.25,22.50,1.50
2.26,22.60,1.40
2.27,22.70,1.30
2.28,22.80,1.20
2.29,22.90,1.10
2.30,23.00,1.00
2.31,23.10,0.90
2.32,23.20,0.80
2.33,23.30,0.70
2.34,23.40,0.60
2.35,23.50,0.50
2.36,23.60,0.40
2.37,23.70,0.30
2.38,23.80,0.20
2.39,23.90,0.10
2.40,24.00,0.00
2.41,24.10,0.10
2.42,24.20,0.20
2.43,24.30,0.30
2.44,24.40,0.40
2.45,24.50,0.50
2.46,24.60,0.60
2.47,24.70,0.70
2.48,24.80,0.80
2.49,24.90,0.90
2.50,25.00,1.00
2.51,25.10,1.10
2.52,25.20,1.20
2.53,25.30,1.30
2.54,25.40,1.40
2.55,25.50,1.50
2.56,25.60,1.60
2.57,25.70,1.70
2.58,25.80,1.80
2.59,25.90,1.90
2.60,26.00,2.00
2.61,26.10,2.10
2.62,26.20,2.20
2.63,26.30,2.30
2.64,26.40,2.40
2.65,26.50,2.50
2.66,26.60,2.60
2.67,26.70,2.70
2.68,26.80,2.80
2.69,26.90,2.90
2.70,27.00,3.00
2.71,27.10,3.10
2.72,27.20,3.20
2.73,27.30,3.30
2.74,27.40,3.40
2.75,27.50,3.50
2.76,27.60,3.60
2.77,27.70,3.70
2.78,27.80,3.80
2.79,27.90,3.90
2.80,28.00,4.00
2.81,28.10,3.90
2.82,28.20,3.80
2.83,28.30,3.70
2.84,28.40,3.60
2.85,28.50,3.50
2.86,28.60,3.40
2.87,28.70,3.30
2.88,28.80,3.20
2.89,28.90,3.10
2.90,29.00,3.00
2.91,29.10,2.90
2.92,29.20,2.80
2.93,29.30,2.70
2.94,29.40,2.60
2.95,29.50,2.50
2.96,29.60,2.40
2.97,29.70,2.30
2.98,29.80,2.20
2.99,29.90,2.10
3.00,30.00,2.00
3.01,30.10,1.90
3.02,30.20,1.80
3.03,30.30,1.70
3.04,30.40,1.60
3.05,30.50,1.50
3.06,30.60,1.40
3.07,30.70,1.30
3.08,30.80,1.20
3.09,30.90,1.10
3.10,31.00,1.00
3.11,31.10,0.90
3.12,31.20,0.80
3.13,31.30,0.70
3.14,31.40,0.60
3.15,31.50,0.50
3.16,31.60,0.40
3.17,31.70,0.30
3.18,31.80,0.20
3.19,31.90,0.10
3.20,32.00,0.00
3.21,32.10,0.10
3.22,32.20,0.20
3.23,32.30,0.30
3.24,32.40,0.40
3.25,32.50,0.50
3.26,32.60,0.60
3.27,32.70,0.70
3.28,32.80,0.80
3.29,32.90,0.90
3.30,33.00,1.00
3.31,33.10,1.10
3.32,33.20,1.20
3.33,33.30,1.30
3.34,33.40,1.40
3.35,33.50,1.50
3.36,33.60,1.60
3.37,33.70,1.70
3.38,33.80,1.80
3.39,33.90,1.90
3.40,34.00,2.00
3.41,34.10,2.10
3.42,34.20,2.20
3.43,34.30,2.30
3.44,34.40,2.40
3.45,34.50,2.50
3.46,34.60,2.60
3.47,34.70,2.70
3.48,34.80,2.80
3.49,34.90,2.90
3.50,35.00,3.00
3.51,35.10,3.10
3.52,35.20,3.20
3.53,35.30,3.30
3.54,35.40,3.40
3.55,35.50,3.50
3.56,35.60,3.60
3.57,35.70,3.70
3.58,35.80,3.80
3.59,35.90,3.90
3.60,36.00,4.00
3.61,36.10,3.90
3.62,36.20,3.80
3.63,36.30,3.70
3.64,36.40,3.60
3.65,36.50,3.50
3.66,36.60,3.40
3.67,36.70,3.30
3.68,36.80,3.20
3.69,36.90,3.10
3.70,37.00,3.00
3.71,37.10,2.90
3.72,37.20,2.80
3.73,37.30,2.70
3.74,37.40,2.60
3.75,37.50,2.50
3.76,37.60,2.40
3.77,37.70,2.30
3.78,37.80,2.20
3.79,37.90,2.10
3.80,38.00,2.00
3.81,38.10,1.90
3.82,38.20,1.80
3.83,38.30,1.70
3.84,38.40,1.60
3.85,38.50,1.50
3.86,38.60,1.40
3.87,38.70,1.30
3.88,38.80,1.20
3.89,38.90,1.10
3.90,39.00,1.00
3.91,39.10,0.90
3.92,39.20,0.80
3.93,39.30,0.70
3.94,39.40,0.60
3.95,39.50,0.50
3.96,39.60,0.40
3.97,39.70,0.30
3.98,39.80,0.20
3.99,39.90,0.10
4.00,40.00,0.00
4.01,40.10,0.10
4.02,40.20,0.20
4.03,40.30,0.30
4.04,40.40,0.40
4.05,40.50,0.50
4.06,40.60,0.60
4.07,40.70,0.70
4.08,40.80,0.80
4.09,40.90,0.90
4.10,41.00,1.00
4.11,41.10,1.10
4.12,41.20,1.20
4.13,41.30,1.30
4.14,41.40,1.40
4.15,41.50,1.50
4.16,41.60,1.60
4.17,41.70,1.70
4.18,41.80,1.80
4.19,41.90,1.90
4.20,42.00,2.00
4.21,42.10,2.10
4.22,42.20,2.20
4.23,42.30,2.30
4.24,42.40,2.40
4.25,42.50,2.50
4.26,42.60,2.60
4.27,42.70,2.70
4.28,42.80,2.80
4.29,42.90,2.90
4.30,43.00,3.00
4.31,43.10,3.10
4.32,43.20,3.20
4.33,43.30,3.30
4.34,43.40,3.40
4.35,43.50,3.50
4.36,43.60,3.60
4.37,43.70,3.70
4.38,43.80,3.80
4.39,43.90,3.90
4.40,44.00,4.00
4.41,44.10,3.90
4.42,44.20,3.80
4.43,44.30,3.70
4.44,44.40,3.60
4.45,44.50,3.50
4.46,44.60,3.40
4.47,44.70,3.30
4.48,44.80,3.20
4.49,44.90,3.10
4.50,45.00,3.00
4.51,45.10,2.90
4.52,45.20,2.80
4.53,45.30,2.70
4.54,45.40,2.60
4.55,45.50,2.50
4.56,45.60,2.40
4.57,45.70,2.30
4.58,45.80,2.20
4.59,45.90,2.10
4.60,46.00,2.00
4.61,46.10,1.90
4.62,46.20,1.80
4.63,46.30,1.70
4.64,46.40,1.60
4.65,46.50,1.50
4.66,46.60,1.40
4.67,46.70,1.30
4.68,46.80,1.20
4.69,46.90,1.10
4.70,47.00,1.00
4.71,47.10,0.90
4.72,47.20,0.80
4.73,47.30,0.70
4.74,47.40,0.60
4.75,47.50,0.50
4.76,47.60,0.40
4.77,47.70,0.30
4.78,47.80,0.20
4.79,47.90,0.10
4.80,48.00,0.00
4.81,48.10,0.10
4.82,48.20,0.20
4.83,48.30,0.30
4.84,48.40,0.40
4.85,48.50,0.50
4.86,48.60,0.60
4.87,48.70,0.70
4.88,48.80,0.80
4.89,48.90,0.90
4.90,49.00,1.00
4.91,49.10,1.10
4.92,49.20,1.20
4.93,49.30,1.30
4.94,49.40,1.40
4.95,49.50,1.50
4.96,49.60,1.60
4.97,49.70,1.70
4.98,49.80,1.80
4.99,49.90,1.90
5.00,50.00,2.00
5.01,50.10,2.10
5.02,50.20,2.20
5.03,50.30,2.30
5.04,50.40,2.40
5.05,50.50,2.50
5.06,50.60,2.60
5.07,50.70,2.70
5.08,50.80,2.80
5.09,50.90,2.90
5.10,51.00,3.00
5.11,51.10,3.10
5.12,51.20,3.20
5.13,51.30,3.30
5.14,51.40,3.40
5.15,51.50,3.50
5.16,51.60,3.60
5.17,51.70,3.70
5.18,51.80,3.80
5.19,51.90,3.90
5.20,52.00,4.00
5.21,52.10,3.90
5.22,52.20,3.80
5.23,52.30,3.70
5.24,52.40,3.60
5.25,52.50,3.50
5.26,52.60,3.40
5.27,52.70,3.30
5.28,52.80,3.20
5.29,52.90,3.10
5.30,53.00,3.00
5.31,53.10,2.90
5.32,53.20,2.80
5.33,53.30,2.70
5.34,53.40,2.60
5.35,53.50,2.50
5.36,53.60,2.40
5.37,53.70,2.30
5.38,53.80,2.20
5.39,53.90,2.10
5.40,54.00,2.00
5.41,54.10,1.90
5.42,54.20,1.80
5.43,54.30,1.70
5.44,54.40,1.60
5.45,54.50,1.50
5.46,54.60,1.40
5.47,54.70,1.30
5.48,54.80,1.20
5.49,54.90,1.10
5.50,55.00,1.00
5.51,55.10,0.90
5.52,55.20,0.80
5.53,55.30,0.70
5.54,55.40,0.60
5.55,55.50,0.50
5.56,55.60,0.40
5.57,55.70,0.30
5.58,55.80,0.20
5.59,55.90,0.10
5.60,56.00,0.00
5.61,56.10,0.10
5.62,56.20,0.20
5.63,56.30,0.30
5.64,56.40,0.40
5.65,56.50,0.50
5.66,56.60,0.60
5.67,56.70,0.70
5.68,56.80,0.80
5.69,56.90,0.90
5.70,57.00,1.00
5.71,57.10,1.10
5.72,57.20,1.20
5.73,57.30,1.30
5.74,57.40,1.40
5.75,57.50,1.50
5.76,57.60,1.60
5.77,57.70,1.70
5.78,57.80,1.80
5.79,57.90,1.90
5.80,58.00,2.00
5.81,58.10,2.10
5.82,58.20,2.20
5.83,58.30,2.30
5.84,58.40,2.40
5.85,58.50,2.50
5.86,58.60,2.60
5.87,58.70,2.70
5.88,58.80,2.80
5.89,58.90,2.90
5.90,59.00,3.00
5.91,59.10,3.10
5.92,59.20,3.20
5.93,59.30,3.30
5.94,59.40,3.40
5.95,59.50,3.50
5.96,59.60,3.60
5.97,59.70,3.70
5.98,59.80,3.80
5.99,59.90,3.90
6.00,60.00,4.00
6.01,60.10,3.90
6.02,60.20,3.80
6.03,60.30,3.70
6.04,60.40,3.60
6.05,60.50,3.50
6.06,60.60,3.40
6.07,60.70,3.30
6.08,60.80,3.20
6.09,60.90,3.10
6.10,61.00,3.00
6.11,61.10,2.90
6.12,61.20,2.80
6.13,61.30,2.70
6.14,61.40,2.60
6.15,61.50,2.50
6.16,61.60,2.40
6.17,61.70,2.30
6.18,61.80,2.20
6.19,61.90,2.10
6.20,62.00,2.00
6.21,62.10,1.90
6.22,62.20,1.80
6.23,62.30,1.70
6.24,62.40,1.60
6.25,62.50,1.50
6.26,62.60,1.40
6.27,62.70,1.30
6.28,62.80,1.20
6.29,62.90,1.10
6.30,63.00,1.00
6.31,63.10,0.90
6.32,63.20,0.80
6.33,63.30,0.70
6.34,63.40,0.60
6.35,63.50,0.50
6.36,63.60,0.40
6.37,63.70,0.30
6.38,63.80,0.20
6.39,63.90,0.10
6.40,64.00,0.00
6.41,64.10,0.10
6.42,64.20,0.20
6.43,64.30,0.30
6.44,64.40,0.40
6.45,64.50,0.50
6.46,64.60,0.60
6.47,64.70,0.70
6.48,64.80,0.80
6.49,64.90,0.90
6.50,65.00,1.00
6.51,65.10,1.10
6.52,65.20,1.20
6.53,65.30,1.30
6.54,65.40,1.40
6.55,65.50,1.50
6.56,65.60,1.60
6.57,65.70,1.70
6.58,65.80,1.80
6.59,65.90,1.90
6.60,66.00,2.00
6.61,66.10,2.10
6.62,66.20,2.20
6.63,66.30,2.30
6.64,66.40,2.40
6.65,66.50,2.50
6.66,66.60,2.60
6.67,66.70,2.70
6.68,66.80,2.80
6.69,66.90,2.90
6.70,67.00,3.00
6.71,67.10,3.10
6.72,67.20,3.20
6.73,67.30,3.30
6.74,67.40,3.40
6.75,67.50,3.50
6.76,67.60,3.60
6.77,67.70,3.70
6.78,67.80,3.80
6.79,67.90,3.90
6.80,68.00,4.00
6.81,68.10,3.90
6.82,68.20,3.80
6.83,68.30,3.70
6.84,68.40,3.60
6.85,68.50,3.50
6.86,68.60,3.40
6.87,68.70,3.30
6.88,68.80,3.20
6.89,68.90,3.10
6.90,69.00,3.00
6.91,69.10,2.90
6.92,69.20,2.80
6.93,69.30,2.70
6.94,69.40,2.60
6.95,69.50,2.50
6.96,69.60,2.40
6.97,69.70,2.30
6.98,69.80,2.20
6.99,69.90,2.10
7.00,70.00,2.00
7.01,69.90,1.90
7.02,69.80,1.80
7.03,69.70,1.70
7.04,69.60,1.60
7.05,69.50,1.50
7.06,69.40,1.40
7.07,69.30,1.30
7.08,69.20,1.20
7.09,69.10,1.10
7.10,69.00,1.00
7.11,68.90,0.90
7.12,68.80,0.80
7.13,68.70,0.70
7.14,68.60,0.60
7.15,68.50,0.50
7.16,68.40,0.40
7.17,68.30,0.30
7.18,68.20,0.20
7.19,68.10,0.10
7.20,68.00,0.00
7.21,67.90,0.10
7.22,67.80,0.20
7.23,67.70,0.30
7.24,67.60,0.40
7.25,67.50,0.50
7.26,67.40,0.60
7.27,67.30,0.70
7.28,67.20,0.80
7.29,67.10,0.90
7.30,67.00,1.00
7.31,66.90,1.10
7.32,66.80,1.20
7.33,66.70,1.30
7.34,66.60,1.40
7.35,66.50,1.50
7.36,66.40,1.60
7.37,66.30,1.70
7.38,66.20,1.80
7.39,66.10,1.90
7.40,66.00,2.00
7.41,65.90,2.10
7.42,65.80,2.20
7.43,65.70,2.30
7.44,65.60,2.40
7.45,65.50,2.50
7.46,65.40,2.60
7.47,65.30,2.70
7.48,65.20,2.80
7.49,65.10,2.90
7.50,65.00,3.00
7.51,64.90,3.10
7.52,64.80,3.20
7.53,64.70,3.30
7.54,64.60,3.40
7.55,64.50,3.50
7.56,64.40,3.60
7.57,64.30,3.70
7.58,64.20,3.80
7.59,64.10,3.90
7.60,64.00,4.00
7.61,63.90,3.90
7.62,63.80,3.80
7.63,63.70,3.70
7.64,63.60,3.60
7.65,63.50,3.50
7.66,63.40,3.40
7.67,63.30,3.30
7.68,63.20,3.20
7.69,63.10,3.10
7.70,63.00,3.00
7.71,62.90,2.90
7.72,62.80,2.80
7.73,62.70,2.70
7.74,62.60,2.60
7.75,62.50,2.50
7.76,62.40,2.40
7.77,62.30,2.30
7.78,62.20,2.20
7.79,62.10,2.10
7.80,62.00,2.00
7.81,61.90,1.90
7.82,61.80,1.80
7.83,61.70,1.70
7.84,61.60,1.60
7.85,61.50,1.50
7.86,61.40,1.40
7.87,61.30,1.30
7.88,61.20,1.20
7.89,61.10,1.10
7.90,61.00,1.00
7.91,60.90,0.90
7.92,60.80,0.80
7.93,60.70,0.70
7.94,60.60,0.60
7.95,60.50,0.50
7.96,60.40,0.40
7.97,60.30,0.30
7.98,60.20,0.20
7.99,60.10,0.10
8.00,60.00,0.00
8.01,59.90,0.10
8.02,59.80,0.20
8.03,59.70,0.30
8.04,59.60,0.40
8.05,59.50,0.50
8.06,59.40,0.60
8.07,59.30,0.70
8.08,59.20,0.80
8.09,59.10,0.90
8.10,59.00,1.00
8.11,58.90,1.10
8.12,58.80,1.20
8.13,58.70,1.30
8.14,58.60,1.40
8.15,58.50,1.50
8.16,58.40,1.60
8.17,58.30,1.70
8.18,58.20,1.80
8.19,58.10,1.90
8.20,58.00,2.00
8.21,57.90,2.10
8.22,57.80,2.20
8.23,57.70,2.30
8.24,57.60,2.40
8.25,57.50,2.50
8.26,57.40,2.60
8.27,57.30,2.70
8.28,57.20,2.80
8.29,57.10,2.90
8.30,57.00,3.00
8.31,56.90,3.10
8.32,56.80,3.20
8.33,56.70,3.30
8.34,56.60,3.40
8.35,56.50,3.50
8.36,56.40,3.60
8.37,56.30,3.70
8.38,56.20,3.80
8.39,56.10,3.90
8.40,56.00,4.00
8.41,55.90,3.90
8.42,55.80,3.80
8.43,55.70,3.70
8.44,55.60,3.60
8.45,55.50,3.50
8.46,55.40,3.40
8.47,55.30,3.30
8.48,55.20,3.20
8.49,55.10,3.10
8.50,55.00,3.00
8.51,54.90,2.90
8.52,54.80,2.80
8.53,54.70,2.70
8.54,54.60,2.60
8.55,54.50,2.50
8.56,54.40,2.40
8.57,54.30,2.30
8.58,54.20,2.20
8.59,54.10,2.10
8.60,54.00,2.00
8.61,53.90,1.90
8.62,53.80,1.80
8.63,53.70,1.70
8.64,53.60,1.60
8.65,53.50,1.50
8.66,53.40,1.40
8.67,53.30,1.30
8.68,53.20,1.20
8.69,53.10,1.10
8.70,53.00,1.00
8.71,52.90,0.90
8.72,52.80,0.80
8.73,52.70,0.70
8.74,52.60,0.60
8.75,52.50,0.50
8.76,52.40,0.40
8.77,52.30,0.30
8.78,52.20,0.20
8.79,52.10,0.10
8.80,52.00,0.00
8.81,51.90,0.10
8.82,51.80,0.20
8.83,51.70,0.30
8.84,51.60,0.40
8.85,51.50,0.50
8.86,51.40,0.60
8.87,51.30,0.70
8.88,51.20,0.80
8.89,51.10,0.90
8.90,51.00,1.00
8.91,50.90,1.10
8.92,50.80,1.20
8.93,50.70,1.30
8.94,50.60,1.40
8.95,50.50,1.50
8.96,50.40,1.60
8.97,50.30,1.70
8.98,50.20,1.80
8.99,50.10,1.90
9.00,50.00,2.00
9.01,49.90,2.10
9.02,49.80,2.20
9.03,49.70,2.30
9.04,49.60,2.40
9.05,49.50,2.50
9.06,49.40,2.60
9.07,49.30,2.70
9.08,49.20,2.80
9.09,49.10,2.90
9.10,49.00,3.00
9.11,48.90,3.10
9.12,48.80,3.20
9.13,48.70,3.30
9.14,48.60,3.40
9.15,48.50,3.50
9.16,48.40,3.60
9.17,48.30,3.70
9.18,48.20,3.80
9.19,48.10,3.90
9.20,48.00,4.00
9.21,47.90,3.90
9.22,47.80,3.80
9.23,47.70,3.70
9.24,47.60,3.60
9.25,47.50,3.50
9.26,47.40,3.40
9.27,47.30,3.30
9.28,47.20,3.20
9.29,47.10,3.10
9.30,47.00,3.00
9.31,46.90,2.90
9.32,46.80,2.80
9.33,46.70,2.70
9.34,46.60,2.60
9.35,46.50,2.50
9.36,46.40,2.40
9.37,46.30,2.30
9.38,46.20,2.20
9.39,46.10,2.10
9.40,46.00,2.00
9.41,45.90,1.90
9.42,45.80,1.80
9.43,45.70,1.70
9.44,45.60,1.60
9.45,45.50,1.50
9.46,45.40,1.40
9.47,45.30,1.30
9.48,45.20,1.20
9.49,45.10,1.10
9.50,45.00,1.00
9.51,44.90,0.90
9.52,44.80,0.80
9.53,44.70,0.70
9.54,44.60,0.60
9.55,44.50,0.50
9.56,44.40,0.40
9.57,44.30,0.30
9.58,44.20,0.20
9.59,44.10,0.10
9.60,44.00,0.00
9.61,43.90,0.10
9.62,43.80,0.20
9.63,43.70,0.30
9.64,43.60,0.40
9.65,43.50,0.50
9.66,43.40,0.60
9.67,43.30,0.70
9.68,43.20,0.80
9.69,43.10,0.90
9.70,43.00,1.00
9.71,42.90,1.10
9.72,42.80,1.20
9.73,42.70,1.30
9.74,42.60,1.40
9.75,42.50,1.50
9.76,42.40,1.60
9.77,42.30,1.70
9.78,42.20,1.80
9.79,42.10,1.90
9.80,42.00,2.00
9.81,41.90,2.10
9.82,41.80,2.20
9.83,41.70,2.30
9.84,41.60,2.40
9.85,41.50,2.50
9.86,41.40,2.60
9.87,41.30,2.70
9.88,41.20,2.80
9.89,41.10,2.90
9.90,41.00,3.00
9.91,40.90,3.10
9.92,40.80,3.20
9.93,40.70,3.30
9.94,40.60,3.40
9.95,40.50,3.50
9.96,40.40,3.60
9.97,40.30,3.70
9.98,40.20,3.80
9.99,40.10,3.90
10.00,40.00,4.00
10.01,39.90,3.90
10.02,39.80,3.80
10.03,39.70,3.70
10.04,39.60,3.60
10.05,39.50,3.50
10.06,39.40,3.40
10.07,39.30,3.30
10.08,39.20,3.20
10.09,39.10,3.10
10.10,39.00,3.00
10.11,38.90,2.90
10.12,38.80,2.80
10.13,38.70,2.70
10.14,38.60,2.60
10.15,38.50,2.50
10.16,38.40,2.40
10.17,38.30,2.30
10.18,38.20,2.20
10.19,38.10,2.10
10.20,38.00,2.00
10.21,37.90,1.90
10.22,37.80,1.80
10.23,37.70,1.70
10.24,37.60,1.60
10.25,37.50,1.50
10.26,37.40,1.40
10.27,37.30,1.30
10.28,37.20,1.20
10.29,37.10,1.10
10.30,37.00,1.00
10.31,36.90,0.90
10.32,36.80,0.80
10.33,36.70,0.70
10.34,36.60,0.60
10.35,36.50,0.50
10.36,36.40,0.40
10.37,36.30,0.30
10.38,36.20,0.20
10.39,36.10,0.10
10.40,36.00,0.00
10.41,35.90,0.10
10.42,35.80,0.20
10.43,35.70,0.30
10.44,35.60,0.40
10.45,35.50,0.50
10.46,35.40,0.60
10.47,35.30,0.70
10.48,35.20,0.80
10.49,35.10,0.90
10.50,35.00,1.00
10.51,34.90,1.10
10.52,34.80,1.20
10.53,34.70,1.30
10.54,34.60,1.40
10.55,34.50,1.50
10.56,34.40,1.60
10.57,34.30,1.70
10.58,34.20,1.80
10.59,34.10,1.90
10.60,34.00,2.00
10.61,33.90,2.10
10.62,33.80,2.20
10.63,33.70,2.30
10.64,33.60,2.40
10.65,33.50,2.50
10.66,33.40,2.60
10.67,33.30,2.70
10.68,33.20,2.80
10.69,33.10,2.90
10.70,33.00,3.00
10.71,32.90,3.10
10.72,32.80,3.20
10.73,32.70,3.30
10.74,32.60,3.40
10.75,32.50,3.50
10.76,32.40,3.60
10.77,32.30,3.70
10.78,32.20,3.80
10.79,32.10,3.90
10.80,32.00,4.00
10.81,31.90,3.90
10.82,31.80,3.80
10.83,31.70,3.70
10.84,31.60,3.60
10.85,31.50,3.50
10.86,31.40,3.40
10.87,31.30,3.30
10.88,31.20,3.20
10.89,31.10,3.10
10.90,31.00,3.00
10.91,30.90,2.90
10.92,30.80,2.80
10.93,30.70,2.70
10.94,30.60,2.60
10.95,30.50,2.50
10.96,30.40,2.40
10.97,30.30,2.30
10.98,30.20,2.20
10.99,30.10,2.10
11.00,30.00,2.00
11.01,29.90,1.90
11.02,29.80,1.80
11.03,29.70,1.70
11.04,29.60,1.60
11.05,29.50,1.50
11.06,29.40,1.40
11.07,29.30,1.30
11.08,29.20,1.20
11.09,29.10,1.10
11.10,29.00,1.00
11.11,28.90,0.90
11.12,28.80,0.80
11.13,28.70,0.70
11.14,28.60,0.60
11.15,28.50,0.50
11.16,28.40,0.40
11.17,28.30,0.30
11.18,28.20,0.20
11.19,28.10,0.10
11.20,28.00,0.00
11.21,27.90,0.10
11.22,27.80,0.20
11.23,27.70,0.30
11.24,27.60,0.40
11.25,27.50,0.50
11.26,27.40,0.60
11.27,27.30,0.70
11.28,27.20,0.80
11.29,27.10,0.90
11.30,27.00,1.00
11.31,26.90,1.10
11.32,26.80,1.20
11.33,26.70,1.30
11.34,26.60,1.40
11.35,26.50,1.50
11.36,26.40,1.60
11.37,26.30,1.70
11.38,26.20,1.80
11.39,26.10,1.90
11.40,26.00,2.00
11.41,25.90,2.10
11.42,25.80,2.20
11.43,25.70,2.30
11.44,25.60,2.40
11.45,25.50,2.50
11.46,25.40,2.60
11.47,25.30,2.70
11.48,25.20,2.80
11.49,25.10,2.90
11.50,25.00,3.00
11.51,24.90,3.10
11.52,24.80,3.20
11.53,24.70,3.30
11.54,24.60,3.40
11.55,24.50,3.50
11.56,24.40,3.60
11.57,24.30,3.70
11.58,24.20,3.80
11.59,24.10,3.90
11.60,24.00,4.00
11.61,23.90,3.90
11.62,23.80,3.80
11.63,23.70,3.70
11.64,23.60,3.60
11.65,23.50,3.50
11.66,23.40,3.40
11.67,23.30,3.30
11.68,23.20,3.20
11.69,23.10,3.10
11.70,23.00,3.00
11.71,22.90,2.90
11.72,22.80,2.80
11.73,22.70,2.70
11.74,22.60,2.60
11.75,22.50,2.50
11.76,22.40,2.40
11.77,22.30,2.30
11.78,22.20,2.20
11.79,22.10,2.10
11.80,22.00,2.00
11.81,21.90,1.90
11.82,21.80,1.80
11.83,21.70,1.70
11.84,21.60,1.60
11.85,21.50,1.50
11.86,21.40,1.40
11.87,21.30,1.30
11.88,21.20,1.20
11.89,21.10,1.10
11.90,21.00,1.00
11.91,20.90,0.90
11.92,20.80,0.80
11.93,20.70,0.70
11.94,20.60,0.60
11.95,20.50,0.50
11.96,20.40,0.40
11.97,20.30,0.30
11.98,20.20,0.20
11.99,20.10,0.10
12.00,20.00,0.00
12.01,19.90,0.10
12.02,19.80,0.20
12.03,19.70,0.30
12.04,19.60,0.40
12.05,19.50,0.50
12.06,19.40,0.60
12.07,19.30,0.70
12.08,19.20,0.80
12.09,19.10,0.90
12.10,19.00,1.00
12.11,18.90,1.10
12.12,18.80,1.20
12.13,18.70,1.30
12.14,18.60,1.40
12.15,18.50,1.50
12.16,18.40,1.60
12.17,18.30,1.70
12.18,18.20,1.80
12.19,18.10,1.90
12.20,18.00,2.00
12.21,17.90,2.10
12.22,17.80,2.20
12.23,17.70,2.30
12.24,17.60,2.40
12.25,17.50,2.50
12.26,17.40,2.60
12.27,17.30,2.70
12.28,17.20,2.80
12.29,17.10,2.90
12.30,17.00,3.00
12.31,16.90,3.10
12.32,16.80,3.20
12.33,16.70,3.30
12.34,16.60,3.40
12.35,16.50,3.50
12.36,16.40,3.60
12.37,16.30,3.70
12.38,16.20,3.80
12.39,16.10,3.90
12.40,16.00,4.00
12.41,15.90,3.90
12.42,15.80,3.80
12.43,15.70,3.70
12.44,15.60,3.60
12.45,15.50,3.50
12.46,15.40,3.40
12.47,15.30,3.30
12.48,15.20,3.20
12.49,15.10,3.10
12.50,15.00,3.00
12.51,14.90,2.90
12.52,14.80,2.80
12.53,14.70,2.70
12.54,14.60,2.60
12.55,14.50,2.50
12.56,14.40,2.40
12.57,14.30,2.30
12.58,14.20,2.20
12.59,14.10,2.10
12.60,14.00,2.00
12.61,13.90,1.90
12.62,13.80,1.80
12.63,13.70,1.70
12.64,13.60,1.60
12.65,13.50,1.50
12.66,13.40,1.40
12.67,13.30,1.30
12.68,13.20,1.20
12.69,13.10,1.10
12.70,13.00,1.00
12.71,12.90,0.90
12.72,12.80,0.80
12.73,12.70,0.70
12.74,12.60,0.60
12.75,12.50,0.50
12.76,12.40,0.40
12.77,12.30,0.30
12.78,12.20,0.20
12.79,12.10,0.10
12.80,12.00,0.00
12.81,11.90,0.10
12.82,11.80,0.20
12.83,11.70,0.30
12.84,11.60,0.40
12.85,11.50,0.50
12.86,11.40,0.60
12.87,11.30,0.70
12.88,11.20,0.80
12.89,11.10,0.90
12.90,11.00,1.00
12.91,10.90,1.10
12.92,10.80,1.20
12.93,10.70,1.30
12.94,10.60,1.40
12.95,10.50,1.50
12.96,10.40,1.60
12.97,10.30,1.70
12.98,10.20,1.80
12.99,10.10,1.90
13.00,10.00,2.00
13.01,9.90,2.10
13.02,9.80,2.20
13.03,9.70,2.30
13.04,9.60,2.40
13.05,9.50,2.50
13.06,9.40,2.60
13.07,9.30,2.70
13.08,9.20,2.80
13.09,9.10,2.90
13.10,9.00,3.00
13.11,8.90,3.10
13.12,8.80,3.20
13.13,8.70,3.30
13.14,8.60,3.40
13.15,8.50,3.50
13.16,8.40,3.60
13.17,8.30,3.70
13.18,8.20,3.80
13.19,8.10,3.90
13.20,8.00,4.00
13.21,7.90,3.90
13.22,7.80,3.80
13.23,7.70,3.70
13.24,7.60,3.60
13.25,7.50,3.50
13.26,7.40,3.40
13.27,7.30,3.30
13.28,7.20,3.20
13.29,7.10,3.10
13.30,7.00,3.00
13.31,6.90,2.90
13.32,6.80,2.80
13.33,6.70,2.70
13.34,6.60,2.60
13.35,6.50,2.50
13.36,6.40,2.40
13.37,6.30,2.30
13.38,6.20,2.20
13.39,6.10,2.10
13.40,6.00,2.00
13.41,5.90,1.90
13.42,5.80,1.80
13.43,5.70,1.70
13.44,5.60,1.60
13.45,5.50,1.50
13.46,5.40,1.40
13.47,5.30,1.30
13.48,5.20,1.20
13.49,5.10,1.10
13.50,5.00,1.00
13.51,4.90,0.90
13.52,4.80,0.80
13.53,4.70,0.70
13.54,4.60,0.60
13.55,4.50,0.50
13.56,4.40,0.40
13.57,4.30,0.30
13.58,4.20,0.20
13.59,4.10,0.10
13.60,4.00,0.00
13.61,3.90,0.10
13.62,3.80,0.20
13.63,3.70,0.30
13.64,3.60,0.40
13.65,3.50,0.50
13.66,3.40,0.60
13.67,3.30,0.70
13.68,3.20,0.80
13.69,3.10,0.90
13.70,3.00,1.00
13.71,2.90,1.10
13.72,2.80,1.20
13.73,2.70,1.30
13.74,2.60,1.40
13.75,2.50,1.50
13.76,2.40,1.60
13.77,2.30,1.70
13.78,2.20,1.80
13.79,2.10,1.90
13.80,2.00,2.00
13.81,1.90,2.10
13.82,1.80,2.20
13.83,1.70,2.30
13.84,1.60,2.40
13.85,1.50,2.50
13.86,1.40,2.60
13.87,1.30,2.70
13.88,1.20,2.80
13.89,1.10,2.90
13.90,1.00,3.00
13.91,0.90,3.10
13.92,0.80,3.20
13.93,0.70,3.30
13.94,0.60,3.40
13.95,0.50,3.50
13.96,0.40,3.60
13.97,0.30,3.70
13.98,0.20,3.80
13.99,0.10,3.90
14.00,0.00,4.00
14.01,0.10,3.90
14.02,0.20,3.80
14.03,0.30,3.70
14.04,0.40,3.60
14.05,0.50,3.50
14.06,0.60,3.40
14.07,0.70,3.30
14.08,0.80,3.20
14.09,0.90,3.10
14.10,1.00,3.00
14.11,1.10,2.90
14.12,1.20,2.80
14.13,1.30,2.70
14.14,1.40,2.60
14.15,1.50,2.50
14.16,1.60,2.40
14.17,1.70,2.30
14.18,1.80,2.20
14.19,1.90,2.10
14.20,2.00,2.00
14.21,2.10,1.90
14.22,2.20,1.80
14.23,2.30,1.70
14.24,2.40,1.60
14.25,2.50,1.50
14.26,2.60,1.40
14.27,2.70,1.30
14.28,2.80,1.20
14.29,2.90,1.10
14.30,3.00,1.00
14.31,3.10,0.90
14.32,3.20,0.80
14.33,3.30,0.70
14.34,3.40,0.60
14.35,3.50,0.50
14.36,3.60,0.40
14.37,3.70,0.30
14.38,3.80,0.20
14.39,3.90,0.10
14.40,4.00,0.00
14.41,4.10,0.10
14.42,4.20,0.20
14.43,4.30,0.30
14.44,4.40,0.40
14.45,4.50,0.50
14.46,4.60,0.60
14.47,4.70,0.70
14.48,4.80,0.80
14.49,4.90,0.90
14.50,5.00,1.00
14.51,5.10,1.10
14.52,5.20,1.20
14.53,5.30,1.30
14.54,5.40,1.40
14.55,5.50,1.50
14.56,5.60,1.60
14.57,5.70,1.70
14.58,5.80,1.80
14.59,5.90,1.90
14.60,6.00,2.00
14.61,6.10,2.10
14.62,6.20,2.20
14.63,6.30,2.30
14.64,6.40,2.40
14.65,6.50,2.50
14.66,6.60,2.60
14.67,6.70,2.70
14.68,6.80,2.80
14.69,6.90,2.90
14.70,7.00,3.00
14.71,7.10,3.10
14.72,7.20,3.20
14.73,7.30,3.30
14.74,7.40,3.40
14.75,7.50,3.50
14.76,7.60,3.60
14.77,7.70,3.70
14.78,7.80,3.80
14.79,7.90,3.90
14.80,8.00,4.00
14.81,8.10,3.90
14.82,8.20,3.80
14.83,8.30,3.70
14.84,8.40,3.60
14.85,8.50,3.50
14.86,8.60,3.40
14.87,8.70,3.30
14.88,8.80,3.20
14.89,8.90,3.10
14.90,9.00,3.00
14.91,9.10,2.90
14.92,9.20,2.80
14.93,9.30,2.70
14.94,9.40,2.60
14.95,9.50,2.50
14.96,9.60,2.40
14.97,9.70,2.30
14.98,9.80,2.20
14.99,9.90,2.10
15.00,10.00,2.00
15.01,10.10,1.90
15.02,10.20,1.80
15.03,10.30,1.70
15.04,10.40,1.60
15.05,10.50,1.50
15.06,10.60,1.40
15.07,10.70,1.30
15.08,10.80,1.20
15.09,10.90,1.10
15.10,11.00,1.00
15.11,11.10,0.90
15.12,11.20,0.80
15.13,11.30,0.70
15.14,11.40,0.60
15.15,11.50,0.50
15.16,11.60,0.40
15.17,11.70,0.30
15.18,11.80,0.20
15.19,11.90,0.10
15.20,12.00,0.00
15.21,12.10,0.10
15.22,12.20,0.20
15.23,12.30,0.30
15.24,12.40,0.40
15.25,12.50,0.50
15.26,12.60,0.60
15.27,12.70,0.70
15.28,12.80,0.80
15.29,12.90,0.90
15.30,13.00,1.00
15.31,13.10,1.10
15.32,13.20,1.20
15.33,13.30,1.30
15.34,13.40,1.40
15.35,13.50,1.50
15.36,13.60,1.60
15.37,13.70,1.70
15.38,13.80,1.80
15.39,13.90,1.90
15.40,14.00,2.00
15.41,14.10,2.10
15.42,14.20,2.20
15.43,14.30,2.30
15.44,14.40,2.40
15.45,14.50,2.50
15.46,14.60,2.60
15.47,14.70,2.70
15.48,14.80,2.80
15.49,14.90,2.90
15.50,15.00,3.00
15.51,15.10,3.10
15.52,15.20,3.20
15.53,15.30,3.30
15.54,15.40,3.40
15.55,15.50,3.50
15.56,15.60,3.60
15.57,15.70,3.70
15.58,15.80,3.80
15.59,15.90,3.90
15.60,16.00,4.00
15.61,16.10,3.90
15.62,16.20,3.80
15.63,16.30,3.70
15.64,16.40,3.60
15.65,16.50,3.50
15.66,16.60,3.40
15.67,16.70,3.30
15.68,16.80,3.20
15.69,16.90,3.10
15.70,17.00,3.00
15.71,17.10,2.90
15.72,17.20,2.80
15.73,17.30,2.70
15.74,17.40,2.60
15.75,17.50,2.50
15.76,17.60,2.40
15.77,17.70,2.30
15.78,17.80,2.20
15.79,17.90,2.10
15.80,18.00,2.00
15.81,18.10,1.90
15.82,18.20,1.80
15.83,18.30,1.70
15.84,18.40,1.60
15.85,18.50,1.50
15.86,18.60,1.40
15.87,18.70,1.30
15.88,18.80,1.20
15.89,18.90,1.10
15.90,19.00,1.00
15.91,19.10,0.90
15.92,19.20,0.80
15.93,19.30,0.70
15.94,19.40,0.60
15.95,19.50,0.50
15.96,19.60,0.40
15.97,19.70,0.30
15.98,19.80,0.20
15.99,19.90,0.10
16.00,20.00,0.00
16.01,20.10,0.10
16.02,20.20,0.20
16.03,20.30,0.30
16.04,20.40,0.40
16.05,20.50,0.50
16.06,20.60,0.60
16.07,20.70,0.70
16.08,20.80,0.80
16.09,20.90,0.90
16.10,21.00,1.00
16.11,21.10,1.10
16.12,21.20,1.20
16.13,21.30,1.30
16.14,21.40,1.40
16.15,21.50,1.50
16.16,21.60,1.60
16.17,21.70,1.70
16.18,21.80,1.80
16.19,21.90,1.90
16.20,22.00,2.00
16.21,22.10,2.10
16.22,22.20,2.20
16.23,22.30,2.30
16.24,22.40,2.40
16.25,22.50,2.50
16.26,22.60,2.60
16.27,22.70,2.70
16.28,22.80,2.80
16.29,22.90,2.90
16.30,23.00,3.00
16.31,23.10,3.10
16.32,23.20,3.20
16.33,23.30,3.30
16.34,23.40,3.40
16.35,23.50,3.50
16.36,23.60,3.60
16.37,23.70,3.70
16.38,23.80,3.80
16.39,23.90,3.90
16.40,24.00,4.00
16.41,24.10,3.90
16.42,24.20,3.80
16.43,24.30,3.70
16.44,24.40,3.60
16.45,24.50,3.50
16.46,24.60,3.40
16.47,24.70,3.30
16.48,24.80,3.20
16.49,24.90,3.10
16.50,25.00,3.00
16.51,25.10,2.90
16.52,25.20,2.80
16.53,25.30,2.70
16.54,25.40,2.60
16.55,25.50,2.50
16.56,25.60,2.40
16.57,25.70,2.30
16.58,25.80,2.20
16.59,25.90,2.10
16.60,26.00,2.00
16.61,26.10,1.90
16.62,26.20,1.80
16.63,26.30,1.70
16.64,26.40,1.60
16.65,26.50,1.50
16.66,26.60,1.40
16.67,26.70,1.30
16.68,26.80,1.20
16.69,26.90,1.10
16.70,27.00,1.00
16.71,27.10,0.90
16.72,27.20,0.80
16.73,27.30,0.70
16.74,27.40,0.60
16.75,27.50,0.50
16.76,27.60,0.40
16.77,27.70,0.30
16.78,27.80,0.20
16.79,27.90,0.10
16.80,28.00,0.00
16.81,28.10,0.10
16.82,28.20,0.20
16.83,28.30,0.30
16.84,28.40,0.40
16.85,28.50,0.50
16.86,28.60,0.60
16.87,28.70,0.70
16.88,28.80,0.80
16.89,28.90,0.90
16.90,29.00,1.00
16.91,29.10,1.10
16.92,29.20,1.20
16.93,29.30,1.30
16.94,29.40,1.40
16.95,29.50,1.50
16.96,29.60,1.60
16.97,29.70,1.70
16.98,29.80,1.80
16.99,29.90,1.90
17.00,30.00,2.00
17.01,30.10,2.10
17.02,30.20,2.20
17.03,30.30,2.30
17.04,30.40,2.40
17.05,30.50,2.50
17.06,30.60,2.60
17.07,30.70,2.70
17.08,30.80,2.80
17.09,30.90,2.90
17.10,31.00,3.00
17.11,31.10,3.10
17.12,31.20,3.20
17.13,31.30,3.30
17.14,31.40,3.40
17.15,31.50,3.50
17.16,31.60,3.60
17.17,31.70,3.70
17.18,31.80,3.80
17.19,31.90,3.90
17.20,32.00,4.00
17.21,32.10,3.90
17.22,32.20,3.80
17.23,32.30,3.70
17.24,32.40,3.60
17.25,32.50,3.50
17.26,32.60,3.40
17.27,32.70,3.30
17.28,32.80,3.20
17.29,32.90,3.10
17.30,33.00,3.00
17.31,33.10,2.90
17.32,33.20,2.80
17.33,33.30,2.70
17.34,33.40,2.60
17.35,33.50,2.50
17.36,33.60,2.40
17.37,33.70,2.30
17.38,33.80,2.20
17.39,33.90,2.10
17.40,34.00,2.00
17.41,34.10,1.90
17.42,34.20,1.80
17.43,34.30,1.70
17.44,34.40,1.60
17.45,34.50,1.50
17.46,34.60,1.40
17.47,34.70,1.30
17.48,34.80,1.20
17.49,34.90,1.10
17.50,35.00,1.00
17.51,35.10,0.90
17.52,35.20,0.80
17.53,35.30,0.70
17.54,35.40,0.60
17.55,35.50,0.50
17.56,35.60,0.40
17.57,35.70,0.30
17.58,35.80,0.20
17.59,35.90,0.10
17.60,36.00,0.00
17.61,36.10,0.10
17.62,36.20,0.20
17.63,36.30,0.30
17.64,36.40,0.40
17.65,36.50,0.50
17.66,36.60,0.60
17.67,36.70,0.70
17.68,36.80,0.80
17.69,36.90,0.90
17.70,37.00,1.00
17.71,37.10,1.10
17.72,37.20,1.20
17.73,37.30,1.30
17.74,37.40,1.40
17.75,37.50,1.50
17.76,37.60,1.60
17.77,37.70,1.70
17.78,37.80,1.80
17.79,37.90,1.90
17.80,38.00,2.00
17.81,38.10,2.10
17.82,38.20,2.20
17.83,38.30,2.30
17.84,38.40,2.40
17.85,38.50,2.50
17.86,38.60,2.60
17.87,38.70,2.70
17.88,38.80,2.80
17.89,38.90,2.90
17.90,39.00,3.00
17.91,39.10,3.10
17.92,39.20,3.20
17.93,39.30,3.30
17.94,39.40,3.40
17.95,39.50,3.50
17.96,39.60,3.60
17.97,39.70,3.70
17.98,39.80,3.80
17.99,39.90,3.90
18.00,40.00,4.00
18.01,40.10,3.90
18.02,40.20,3.80
18.03,40.30,3.70
18.04,40.40,3.60
18.05,40.50,3.50
18.06,40.60,3.40
18.07,40.70,3.30
18.08,40.80,3.20
18.09,40.90,3.10
18.10,41.00,3.00
18.11,41.10,2.90
18.12,41.20,2.80
18.13,41.30,2.70
18.14,41.40,2.60
18.15,41.50,2.50
18.16,41.60,2.40
18.17,41.70,2.30
18.18,41.80,2.20
18.19,41.90,2.10
18.20,42.00,2.00
18.21,42.10,1.90
18.22,42.20,1.80
18.23,42.30,1.70
18.24,42.40,1.60
18.25,42.50,1.50
18.26,42.60,1.40
18.27,42.70,1.30
18.28,42.80,1.20
18.29,42.90,1.10
18.30,43.00,1.00
18.31,43.10,0.90
18.32,43.20,0.80
18.33,43.30,0.70
18.34,43.40,0.60
18.35,43.50,0.50
18.36,43.60,0.40
18.37,43.70,0.30
18.38,43.80,0.20
18.39,43.90,0.10
18.40,44.00,0.00
18.41,44.10,0.10
18.42,44.20,0.20
18.43,44.30,0.30
18.44,44.40,0.40
18.45,44.50,0.50
18.46,44.60,0.60
18.47,44.70,0.70
18.48,44.80,0.80
18.49,44.90,0.90
18.50,45.00,1.00
18.51,45.10,1.10
18.52,45.20,1.20
18.53,45.30,1.30
18.54,45.40,1.40
18.55,45.50,1.50
18.56,45.60,1.60
18.57,45.70,1.70
18.58,45.80,1.80
18.59,45.90,1.90
18.60,46.00,2.00
18.61,46.10,2.10
18.62,46.20,2.20
18.63,46.30,2.30
18.64,46.40,2.40
18.65,46.50,2.50
18.66,46.60,2.60
18.67,46.70,2.70
18.68,46.80,2.80
18.69,46.90,2.90
18.70,47.00,3.00
18.71,47.10,3.10
18.72,47.20,3.20
18.73,47.30,3.30
18.74,47.40,3.40
18.75,47.50,3.50
18.76,47.60,3.60
18.77,47.70,3.70
18.78,47.80,3.80
18.79,47.90,3.90
18.80,48.00,4.00
18.81,48.10,3.90
18.82,48.20,3.80
18.83,48.30,3.70
18.84,48.40,3.60
18.85,48.50,3.50
18.86,48.60,3.40
18.87,48.70,3.30
18.88,48.80,3.20
18.89,48.90,3.10
18.90,49.00,3.00
18.91,49.10,2.90
18.92,49.20,2.80
18.93,49.30,2.70
18.94,49.40,2.60
18.95,49.50,2.50
18.96,49.60,2.40
18.97,49.70,2.30
18.98,49.80,2.20
18.99,49.90,2.10
19.00,50.00,2.00
19.01,50.10,1.90
19.02,50.20,1.80
19.03,50.30,1.70
19.04,50.40,1.60
19.05,50.50,1.50
19.06,50.60,1.40
19.07,50.70,1.30
19.08,50.80,1.20
19.09,50.90,1.10
19.10,51.00,1.00
19.11,51.10,0.90
19.12,51.20,0.80
19.13,51.30,0.70
19.14,51.40,0.60
19.15,51.50,0.50
19.16,51.60,0.40
19.17,51.70,0.30
19.18,51.80,0.20
19.19,51.90,0.10
19.20,52.00,0.00
19.21,52.10,0.10
19.22,52.20,0.20
19.23,52.30,0.30
19.24,52.40,0.40
19.25,52.50,0.50
19.26,52.60,0.60
19.27,52.70,0.70
19.28,52.80,0.80
19.29,52.90,0.90
19.30,53.00,1.00
19.31,53.10,1.10
19.32,53.20,1.20
19.33,53.30,1.30
19.34,53.40,1.40
19.35,53.50,1.50
19.36,53.60,1.60
19.37,53.70,1.70
19.38,53.80,1.80
19.39,53.90,1.90
19.40,54.00,2.00
19.41,54.10,2.10
19.42,54.20,2.20
19.43,54.30,2.30
19.44,54.40,2.40
19.45,54.50,2.50
19.46,54.60,2.60
19.47,54.70,2.70
19.48,54.80,2.80
19.49,54.90,2.90
19.50,55.00,3.00
19.51,55.10,3.10
19.52,55.20,3.20
19.53,55.30,3.30
19.54,55.40,3.40
19.55,55.50,3.50
19.56,55.60,3.60
19.57,55.70,3.70
19.58,55.80,3.80
19.59,55.90,3.90
19.60,56.00,4.00
19.61,56.10,3.90
19.62,56.20,3.80
19.63,56.30,3.70
19.64,56.40,3.60
19.65,56.50,3.50
19.66,56.60,3.40
19.67,56.70,3.30
19.68,56.80,3.20
19.69,56.90,3.10
19.70,57.00,3.00
19.71,57.10,2.90
19.72,57.20,2.80
19.73,57.30,2.70
19.74,57.40,2.60
19.75,57.50,2.50
19.76,57.60,2.40
19.77,57.70,2.30
19.78,57.80,2.20
19.79,57.90,2.10
19.80,58.00,2.00
19.81,58.10,1.90
19.82,58.20,1.80
19.83,58.30,1.70
19.84,58.40,1.60
19.85,58.50,1.50
19.86,58.60,1.40
19.87,58.70,1.30
19.88,58.80,1.20
19.89,58.90,1.10
19.90,59.00,1.00
19.91,59.10,0.90
19.92,59.20,0.80
19.93,59.30,0.70
19.94,59.40,0.60
19.95,59.50,0.50
19.96,59.60,0.40
19.97,59.70,0.30
19.98,59.80,0.20
19.99,59.90,0.10
20.00,60.00,0.00
20.01,60.10,0.10
20.02,60.20,0.20
20.03,60.30,0.30
20.04,60.40,0.40
20.05,60.50,0.50
20.06,60.60,0.60
20.07,60.70,0.70
20.08,60.80,0.80
20.09,60.90,0.90
20.10,61.00,1.00
20.11,61.10,1.10
20.12,61.20,1.20
20.13,61.30,1.30
20.14,61.40,1.40
20.15,61.50,1.50
20.16,61.60,1.60
20.17,61.70,1.70
20.18,61.80,1.80
20.19,61.90,1.90
20.20,62.00,2.00
20.21,62.10,2.10
20.22,62.20,2.20
20.23,62.30,2.30
20.24,62.40,2.40
20.25,62.50,2.50
20.26,62.60,2.60
20.27,62.70,2.70
20.28,62.80,2.80
20.29,62.90,2.90
20.30,63.00,3.00
20.31,63.10,3.10
20.32,63.20,3.20
20.33,63.30,3.30
20.34,63.40,3.40
20.35,63.50,3.50
20.36,63.60,3.60
20.37,63.70,3.70
20.38,63.80,3.80
20.39,63.90,3.90
20.40,64.00,4.00
20.41,64.10,3.90
20.42,64.20,3.80
20.43,64.30,3.70
20.44,64.40,3.60
20.45,64.50,3.50
20.46,64.60,3.40
20.47,64.70,3.30
20.48,64.80,3.20
20.49,64.90,3.10
20.50,65.00,3.00
20.51,65.10,2.90
20.52,65.20,2.80
20.53,65.30,2.70
20.54,65.40,2.60
20.55,65.50,2.50
20.56,65.60,2.40
20.57,65.70,2.30
20.58,65.80,2.20
20.59,65.90,2.10
20.60,66.00,2.00
20.61,66.10,1.90
20.62,66.20,1.80
20.63,66.30,1.70
20.64,66.40,1.60
20.65,66.50,1.50
20.66,66.60,1.40
20.67,66.70,1.30
20.68,66.80,1.20
20.69,66.90,1.10
20.70,67.00,1.00
20.71,67.10,0.90
20.72,67.20,0.80
20.73,67.30,0.70
20.74,67.40,0.60
20.75,67.50,0.50
20.76,67.60,0.40
20.77,67.70,0.30
20.78,67.80,0.20
20.79,67.90,0.10
20.80,68.00,0.00
20.81,68.10,0.10
20.82,68.20,0.20
20.83,68.30,0.30
20.84,68.40,0.40
20.85,68.50,0.50
20.86,68.60,0.60
20.87,68.70,0.70
20.88,68.80,0.80
20.89,68.90,0.90
20.90,69.00,1.00
20.91,69.10,1.10
20.92,69.20,1.20
20.93,69.30,1.30
20.94,69.40,1.40
20.95,69.50,1.50
20.96,69.60,1.60
20.97,69.70,1.70
20.98,69.80,1.80
20.99,69.90,1.90
21.00,70.00,2.00
21.01,69.90,2.10
21.02,69.80,2.20
21.03,69.70,2.30
21.04,69.60,2.40
21.05,69.50,2.50
21.06,69.40,2.60
21.07,69.30,2.70
21.08,69.20,2.80
21.09,69.10,2.90
21.10,69.00,3.00
21.11,68.90,3.10
21.12,68.80,3.20
21.13,68.70,3.30
21.14,68.60,3.40
21.15,68.50,3.50
21.16,68.40,3.60
21.17,68.30,3.70
21.18,68.20,3.80
21.19,68.10,3.90
21.20,68.00,4.00
21.21,67.90,3.90
21.22,67.80,3.80
21.23,67.70,3.70
21.24,67.60,3.60
21.25,67.50,3.50
21.26,67.40,3.40
21.27,67.30,3.30
21.28,67.20,3.20
21.29,67.10,3.10
21.30,67.00,3.00
21.31,66.90,2.90
21.32,66.80,2.80
21.33,66.70,2.70
21.34,66.60,2.60
21.35,66.50,2.50
21.36,66.40,2.40
21.37,66.30,2.30
21.38,66.20,2.20
21.39,66.10,2.10
21.40,66.00,2.00
21.41,65.90,1.90
21.42,65.80,1.80
21.43,65.70,1.70
21.44,65.60,1.60
21.45,65.50,1.50
21.46,65.40,1.40
21.47,65.30,1.30
21.48,65.20,1.20
21.49,65.10,1.10
21.50,65.00,1.00
21.51,64.90,0.90
21.52,64.80,0.80
21.53,64.70,0.70
21.54,64.60,0.60
21.55,64.50,0.50
21.56,64.40,0.40
21.57,64.30,0.30
21.58,64.20,0.20
21.59,64.10,0.10
21.60,64.00,0.00
21.61,63.90,0.10
21.62,63.80,0.20
21.63,63.70,0.30
21.64,63.60,0.40
21.65,63.50,0.50
21.66,63.40,0.60
21.67,63.30,0.70
21.68,63.20,0.80
21.69,63.10,0.90
21.70,63.00,1.00
21.71,62.90,1.10
21.72,62.80,1.20
21.73,62.70,1.30
21.74,62.60,1.40
21.75,62.50,1.50
21.76,62.40,1.60
21.77,62.30,1.70
21.78,62.20,1.80
21.79,62.10,1.90
21.80,62.00,2.00
21.81,61.90,2.10
21.82,61.80,2.20
21.83,61.70,2.30
21.84,61.60,2.40
21.85,61.50,2.50
21.86,61.40,2.60
21.87,61.30,2.70
21.88,61.20,2.80
21.89,61.10,2.90
21.90,61.00,3.00
21.91,60.90,3.10
21.92,60.80,3.20
21.93,60.70,3.30
21.94,60.60,3.40
21.95,60.50,3.50
21.96,60.40,3.60
21.97,60.30,3.70
21.98,60.20,3.80
21.99,60.10,3.90
22.00,60.00,4.00
22.01,59.90,3.90
22.02,59.80,3.80
22.03,59.70,3.70
22.04,59.60,3.60
22.05,59.50,3.50
22.06,59.40,3.40
22.07,59.30,3.30
22.08,59.20,3.20
22.09,59.10,3.10
22.10,59.00,3.00
22.11,58.90,2.90
22.12,58.80,2.80
22.13,58.70,2.70
22.14,58.60,2.60
22.15,58.50,2.50
22.16,58.40,2.40
22.17,58.30,2.30
22.18,58.20,2.20
22.19,58.10,2.10
22.20,58.00,2.00
22.21,57.90,1.90
22.22,57.80,1.80
22.23,57.70,1.70
22.24,57.60,1.60
22.25,57.50,1.50
22.26,57.40,1.40
22.27,57.30,1.30
22.28,57.20,1.20
22.29,57.10,1.10
22.30,57.00,1.00
22.31,56.90,0.90
22.32,56.80,0.80
22.33,56.70,0.70
22.34,56.60,0.60
22.35,56.50,0.50
22.36,56.40,0.40
22.37,56.30,0.30
22.38,56.20,0.20
22.39,56.10,0.10
22.40,56.00,0.00
22.41,55.90,0.10
22.42,55.80,0.20
22.43,55.70,0.30
22.44,55.60,0.40
22.45,55.50,0.50
22.46,55.40,0.60
22.47,55.30,0.70
22.48,55.20,0.80
22.49,55.10,0.90
22.50,55.00,1.00
22.51,54.90,1.10
22.52,54.80,1.20
22.53,54.70,1.30
22.54,54.60,1.40
22.55,54.50,1.50
22.56,54.40,1.60
22.57,54.30,1.70
22.58,54.20,1.80
22.59,54.10,1.90
22.60,54.00,2.00
22.61,53.90,2.10
22.62,53.80,2.20
22.63,53.70,2.30
22.64,53.60,2.40
22.65,53.50,2.50
22.66,53.40,2.60
22.67,53.30,2.70
22.68,53.20,2.80
22.69,53.10,2.90
22.70,53.00,3.00
22.71,52.90,3.10
22.72,52.80,3.20
22.73,52.70,3.30
22.74,52.60,3.40
22.75,52.50,3.50
22.76,52.40,3.60
22.77,52.30,3.70
22.78,52.20,3.80
22.79,52.10,3.90
22.80,52.00,4.00
22.81,51.90,3.90
22.82,51.80,3.80
22.83,51.70,3.70
22.84,51.60,3.60
22.85,51.50,3.50
22.86,51.40,3.40
22.87,51.30,3.30
22.88,51.20,3.20
22.89,51.10,3.10
22.90,51.00,3.00
22.91,50.90,2.90
22.92,50.80,2.80
22.93,50.70,2.70
22.94,50.60,2.60
22.95,50.50,2.50
22.96,50.40,2.40
22.97,50.30,2.30
22.98,50.20,2.20
22.99,50.10,2.10
23.00,50.00,2.00
23.01,49.90,1.90
23.02,49.80,1.80
23.03,49.70,1.70
23.04,49.60,1.60
23.05,49.50,1.50
23.06,49.40,1.40
23.07,49.30,1.30
23.08,49.20,1.20
23.09,49.10,1.10
23.10,49.00,1.00
23.11,48.90,0.90
23.12,48.80,0.80
23.13,48.70,0.70
23.14,48.60,0.60
23.15,48.50,0.50
23.16,48.40,0.40
23.17,48.30,0.30
23.18,48.20,0.20
23.19,48.10,0.10
23.20,48.00,0.00
23.21,47.90,0.10
23.22,47.80,0.20
23.23,47.70,0.30
23.24,47.60,0.40
23.25,47.50,0.50
23.26,47.40,0.60
23.27,47.30,0.70
23.28,47.20,0.80
23.29,47.10,0.90
23.30,47.00,1.00
23.31,46.90,1.10
23.32,46.80,1.20
23.33,46.70,1.30
23.34,46.60,1.40
23.35,46.50,1.50
23.36,46.40,1.60
23.37,46.30,1.70
23.38,46.20,1.80
23.39,46.10,1.90
23.40,46.00,2.00
23.41,45.90,2.10
23.42,45.80,2.20
23.43,45.70,2.30
23.44,45.60,2.40
23.45,45.50,2.50
23.46,45.40,2.60
23.47,45.30,2.70
23.48,45.20,2.80
23.49,45.10,2.90
23.50,45.00,3.00
23.51,44.90,3.10
23.52,44.80,3.20
23.53,44.70,3.30
23.54,44.60,3.40
23.55,44.50,3.50
23.56,44.40,3.60
23.57,44.30,3.70
23.58,44.20,3.80
23.59,44.10,3.90
23.60,44.00,4.00
23.61,43.90,3.90
23.62,43.80,3.80
23.63,43.70,3.70
23.64,43.60,3.60
23.65,43.50,3.50
23.66,43.40,3.40
23.67,43.30,3.30
23.68,43.20,3.20
23.69,43.10,3.10
23.70,43.00,3.00
23.71,42.90,2.90
23.72,42.80,2.80
23.73,42.70,2.70
23.74,42.60,2.60
23.75,42.50,2.50
23.76,42.40,2.40
23.77,42.30,2.30
23.78,42.20,2.20
23.79,42.10,2.10
23.80,42.00,2.00
23.81,41.90,1.90
23.82,41.80,1.80
23.83,41.70,1.70
23.84,41.60,1.60
23.85,41.50,1.50
23.86,41.40,1.40
23.87,41.30,1.30
23.88,41.20,1.20
23.89,41.10,1.10
23.90,41.00,1.00
23.91,40.90,0.90
23.92,40.80,0.80
23.93,40.70,0.70
23.94,40.60,0.60
23.95,40.50,0.50
23.96,40.40,0.40
23.97,40.30,0.30
23.98,40.20,0.20
23.99,40.10,0.10
24.00,40.00,0.00
24.01,39.90,0.10
24.02,39.80,0.20
24.03,39.70,0.30
24.04,39.60,0.40
24.05,39.50,0.50
24.06,39.40,0.60
24.07,39.30,0.70
24.08,39.20,0.80
24.09,39.10,0.90
24.10,39.00,1.00
24.11,38.90,1.10
24.12,38.80,1.20
24.13,38.70,1.30
24.14,38.60,1.40
24.15,38.50,1.50
24.16,38.40,1.60
24.17,38.30,1.70
24.18,38.20,1.80
24.19,38.10,1.90
24.20,38.00,2.00
24.21,37.90,2.10
24.22,37.80,2.20
24.23,37.70,2.30
24.24,37.60,2.40
24.25,37.50,2.50
24.26,37.40,2.60
24.27,37.30,2.70
24.28,37.20,2.80
24.29,37.10,2.90
24.30,37.00,3.00
24.31,36.90,3.10
24.32,36.80,3.20
24.33,36.70,3.30
24.34,36.60,3.40
24.35,36.50,3.50
24.36,36.40,3.60
24.37,36.30,3.70
24.38,36.20,3.80
24.39,36.10,3.90
24.40,36.00,4.00
24.41,35.90,3.90
24.42,35.80,3.80
24.43,35.70,3.70
24.44,35.60,3.60
24.45,35.50,3.50
24.46,35.40,3.40
24.47,35.30,3.30
24.48,35.20,3.20
24.49,35.10,3.10
24.50,35.00,3.00
24.51,34.90,2.90
24.52,34.80,2.80
24.53,34.70,2.70
24.54,34.60,2.60
24.55,34.50,2.50
24.56,34.40,2.40
24.57,34.30,2.30
24.58,34.20,2.20
24.59,34.10,2.10
24.60,34.00,2.00
24.61,33.90,1.90
24.62,33.80,1.80
24.63,33.70,1.70
24.64,33.60,1.60
24.65,33.50,1.50
24.66,33.40,1.40
24.67,33.30,1.30
24.68,33.20,1.20
24.69,33.10,1.10
24.70,33.00,1.00
24.71,32.90,0.90
24.72,32.80,0.80
24.73,32.70,0.70
24.74,32.60,0.60
24.75,32.50,0.50
24.76,32.40,0.40
24.77,32.30,0.30
24.78,32.20,0.20
24.79,32.10,0.10
24.80,32.00,0.00
24.81,31.90,0.10
24.82,31.80,0.20
24.83,31.70,0.30
24.84,31.60,0.40
24.85,31.50,0.50
24.86,31.40,0.60
24.87,31.30,0.70
24.88,31.20,0.80
24.89,31.10,0.90
24.90,31.00,1.00
24.91,30.90,1.10
24.92,30.80,1.20
24.93,30.70,1.30
24.94,30.60,1.40
24.95,30.50,1.50
24.96,30.40,1.60
24.97,30.30,1.70
24.98,30.20,1.80
24.99,30.10,1.90
25.00,30.00,2.00
25.01,29.90,2.10
25.02,29.80,2.20
25.03,29.70,2.30
25.04,29.60,2.40
25.05,29.50,2.50
25.06,29.40,2.60
25.07,29.30,2.70
25.08,29.20,2.80
25.09,29.10,2.90
25.10,29.00,3.00
25.11,28.90,3.10
25.12,28.80,3.20
25.13,28.70,3.30
25.14,28.60,3.40
25.15,28.50,3.50
25.16,28.40,3.60
25.17,28.30,3.70
25.18,28.20,3.80
25.19,28.10,3.90
25.20,28.00,4.00
25.21,27.90,3.90
25.22,27.80,3.80
25.23,27.70,3.70
25.24,27.60,3.60
25.25,27.50,3.50
25.26,27.40,3.40
25.27,27.30,3.30
25.28,27.20,3.20
25.29,27.10,3.10
25.30,27.00,3.00
25.31,26.90,2.90
25.32,26.80,2.80
25.33,26.70,2.70
25.34,26.60,2.60
25.35,26.50,2.50
25.36,26.40,2.40
25.37,26.30,2.30
25.38,26.20,2.20
25.39,26.10,2.10
25.40,26.00,2.00
25.41,25.90,1.90
25.42,25.80,1.80
25.43,25.70,1.70
25.44,25.60,1.60
25.45,25.50,1.50
25.46,25.40,1.40
25.47,25.30,1.30
25.48,25.20,1.20
25.49,25.10,1.10
25.50,25.00,1.00
25.51,24.90,0.90
25.52,24.80,0.80
25.53,24.70,0.70
25.54,24.60,0.60
25.55,24.50,0.50
25.56,24.40,0.40
25.57,24.30,0.30
25.58,24.20,0.20
25.59,24.10,0.10
25.60,24.00,0.00
25.61,23.90,0.10
25.62,23.80,0.20
25.63,23.70,0.30
25.64,23.60,0.40
25.65,23.50,0.50
25.66,23.40,0.60
25.67,23.30,0.70
25.68,23.20,0.80
25.69,23.10,0.90
25.70,23.00,1.00
25.71,22.90,1.10
25.72,22.80,1.20
25.73,22.70,1.30
25.74,22.60,1.40
25.75,22.50,1.50
25.76,22.40,1.60
25.77,22.30,1.70
25.78,22.20,1.80
25.79,22.10,1.90
25.80,22.00,2.00
25.81,21.90,2.10
25.82,21.80,2.20
25.83,21.70,2.30
25.84,21.60,2.40
25.85,21.50,2.50
25.86,21.40,2.60
25.87,21.30,2.70
25.88,21.20,2.80
25.89,21.10,2.90
25.90,21.00,3.00
25.91,20.90,3.10
25.92,20.80,3.20
25.93,20.70,3.30
25.94,20.60,3.40
25.95,20.50,3.50
25.96,20.40,3.60
25.97,20.30,3.70
25.98,20.20,3.80
25.99,20.10,3.90
26.00,20.00,4.00
26.01,19.90,3.90
26.02,19.80,3.80
26.03,19.70,3.70
26.04,19.60,3.60
26.05,19.50,3.50
26.06,19.40,3.40
26.07,19.30,3.30
26.08,19.20,3.20
26.09,19.10,3.10
26.10,19.00,3.00
26.11,18.90,2.90
26.12,18.80,2.80
26.13,18.70,2.70
26.14,18.60,2.60
26.15,18.50,2.50
26.16,18.40,2.40
26.17,18.30,2.30
26.18,18.20,2.20
26.19,18.10,2.10
26.20,18.00,2.00
26.21,17.90,1.90
26.22,17.80,1.80
26.23,17.70,1.70
26.24,17.60,1.60
26.25,17.50,1.50
26.26,17.40,1.40
26.27,17.30,1.30
26.28,17.20,1.20
26.29,17.10,1.10
26.30,17.00,1.00
26.31,16.90,0.90
26.32,16.80,0.80
26.33,16.70,0.70
26.34,16.60,0.60
26.35,16.50,0.50
26.36,16.40,0.40
26.37,16.30,0.30
26.38,16.20,0.20
26.39,16.10,0.10
26.40,16.00,0.00
26.41,15.90,0.10
26.42,15.80,0.20
26.43,15.70,0.30
26.44,15.60,0.40
26.45,15.50,0.50
26.46,15.40,0.60
26.47,15.30,0.70
26.48,15.20,0.80
26.49,15.10,0.90
26.50,15.00,1.00
26.51,14.90,1.10
26.52,14.80,1.20
26.53,14.70,1.30
26.54,14.60,1.40
26.55,14.50,1.50
26.56,14.40,1.60
26.57,14.30,1.70
26.58,14.20,1.80
26.59,14.10,1.90
26.60,14.00,2.00
26.61,13.90,2.10
26.62,13.80,2.20
26.63,13.70,2.30
26.64,13.60,2.40
26.65,13.50,2.50
26.66,13.40,2.60
26.67,13.30,2.70
26.68,13.20,2.80
26.69,13.10,2.90
26.70,13.00,3.00
26.71,12.90,3.10
26.72,12.80,3.20
26.73,12.70,3.30
26.74,12.60,3.40
26.75,12.50,3.50
26.76,12.40,3.60
26.77,12.30,3.70
26.78,12.20,3.80
26.79,12.10,3.90
26.80,12.00,4.00
26.81,11.90,3.90
26.82,11.80,3.80
26.83,11.70,3.70
26.84,11.60,3.60
26.85,11.50,3.50
26.86,11.40,3.40
26.87,11.30,3.30
26.88,11.20,3.20
26.89,11.10,3.10
26.90,11.00,3.00
26.91,10.90,2.90
26.92,10.80,2.80
26.93,10.70,2.70
26.94,10.60,2.60
26.95,10.50,2.50
26.96,10.40,2.40
26.97,10.30,2.30
26.98,10.20,2.20
26.99,10.10,2.10
27.00,10.00,2.00
27.01,9.90,1.90
27.02,9.80,1.80
27.03,9.70,1.70
27.04,9.60,1.60
27.05,9.50,1.50
27.06,9.40,1.40
27.07,9.30,1.30
27.08,9.20,1.20
27.09,9.10,1.10
27.10,9.00,1.00
27.11,8.90,0.90
27.12,8.80,0.80
27.13,8.70,0.70
27.14,8.60,0.60
27.15,8.50,0.50
27.16,8.40,0.40
27.17,8.30,0.30
27.18,8.20,0.20
27.19,8.10,0.10
27.20,8.00,0.00
27.21,7.90,0.10
27.22,7.80,0.20
27.23,7.70,0.30
27.24,7.60,0.40
27.25,7.50,0.50
27.26,7.40,0.60
27.27,7.30,0.70
27.28,7.20,0.80
27.29,7.10,0.90
27.30,7.00,1.00
27.31,6.90,1.10
27.32,6.80,1.20
27.33,6.70,1.30
27.34,6.60,1.40
27.35,6.50,1.50
27.36,6.40,1.60
27.37,6.30,1.70
27.38,6.20,1.80
27.39,6.10,1.90
27.40,6.00,2.00
27.41,5.90,2.10
27.42,5.80,2.20
27.43,5.70,2.30
27.44,5.60,2.40
27.45,5.50,2.50
27.46,5.40,2.60
27.47,5.30,2.70
27.48,5.20,2.80
27.49,5.10,2.90
27.50,5.00,3.00
27.51,4.90,3.10
27.52,4.80,3.20
27.53,4.70,3.30
27.54,4.60,3.40
27.55,4.50,3.50
27.56,4.40,3.60
27.57,4.30,3.70
27.58,4.20,3.80
27.59,4.10,3.90
27.60,4.00,4.00
27.61,3.90,3.90
27.62,3.80,3.80
27.63,3.70,3.70
27.64,3.60,3.60
27.65,3.50,3.50
27.66,3.40,3.40
27.67,3.30,3.30
27.68,3.20,3.20
27.69,3.10,3.10
27.70,3.00,3.00
27.71,2.90,2.90
27.72,2.80,2.80
27.73,2.70,2.70
27.74,2.60,2.60
27.75,2.50,2.50
27.76,2.40,2.40
27.77,2.30,2.30
27.78,2.20,2.20
27.79,2.10,2.10
27.80,2.00,2.00
27.81,1.90,1.90
27.82,1.80,1.80
27.83,1.70,1.70
27.84,1.60,1.60
27.85,1.50,1.50
27.86,1.40,1.40
27.87,1.30,1.30
27.88,1.20,1.20
27.89,1.10,1.10
27.90,1.00,1.00
27.91,0.90,0.90
27.92,0.80,0.80
27.93,0.70,0.70
27.94,0.60,0.60
27.95,0.50,0.50
27.96,0.40,0.40
27.97,0.30,0.30
27.98,0.20,0.20
27.99,0.10,0.10
28.00,0.00,0.00
28.01,0.10,0.10
28.02,0.20,0.20
28.03,0.30,0.30
28.04,0.40,0.40
28.05,0.50,0.50
28.06,0.60,0.60
28.07,0.70,0.70
28.08,0.80,0.80
28.09,0.90,0.90
28.10,1.00,1.00
28.11,1.10,1.10
28.12,1.20,1.20
28.13,1.30,1.30
28.14,1.40,1.40
28.15,1.50,1.50
28.16,1.60,1.60
28.17,1.70,1.70
28.18,1.80,1.80
28.19,1.90,1.90
28.20,2.00,2.00
28.21,2.10,2.10
28.22,2.20,2.20
28.23,2.30,2.30
28.24,2.40,2.40
28.25,2.50,2.50
28.26,2.60,2.60
28.27,2.70,2.70
28.28,2.80,2.80
28.29,2.90,2.90
28.30,3.00,3.00
28.31,3.10,3.10
28.32,3.20,3.20
28.33,3.30,3.30
28.34,3.40,3.40
28.35,3.50,3.50
28.36,3.60,3.60
28.37,3.70,3.70
28.38,3.80,3.80
28.39,3.90,3.90
28.40,4.00,4.00
28.41,4.10,3.90
28.42,4.20,3.80
28.43,4.30,3.70
28.44,4.40,3.60
28.45,4.50,3.50
28.46,4.60,3.40
28.47,4.70,3.30
28.48,4.80,3.20
28.49,4.90,3.10
28.50,5.00,3.00
28.51,5.10,2.90
28.52,5.20,2.80
28.53,5.30,2.70
28.54,5.40,2.60
28.55,5.50,2.50
28.56,5.60,2.40
28.57,5.70,2.30
28.58,5.80,2.20
28.59,5.90,2.10
28.60,6.00,2.00
28.61,6.10,1.90
28.62,6.20,1.80
28.63,6.30,1.70
28.64,6.40,1.60
28.65,6.50,1.50
28.66,6.60,1.40
28.67,6.70,1.30
28.68,6.80,1.20
28.69,6.90,1.10
28.70,7.00,1.00
28.71,7.10,0.90
28.72,7.20,0.80
28.73,7.30,0.70
28.74,7.40,0.60
28.75,7.50,0.50
28.76,7.60,0.40
28.77,7.70,0.30
28.78,7.80,0.20
28.79,7.90,0.10
28.80,8.00,0.00
28.81,8.10,0.10
28.82,8.20,0.20
28.83,8.30,0.30
28.84,8.40,0.40
28.85,8.50,0.50
28.86,8.60,0.60
28.87,8.70,0.70
28.88,8.80,0.80
28.89,8.90,0.90
28.90,9.00,1.00
28.91,9.10,1.10
28.92,9.20,1.20
28.93,9.30,1.30
28.94,9.40,1.40
28.95,9.50,1.50
28.96,9.60,1.60
28.97,9.70,1.70
28.98,9.80,1.80
28.99,9.90,1.90
29.00,10.00,2.00
29.01,10.10,2.10
29.02,10.20,2.20
29.03,10.30,2.30
29.04,10.40,2.40
29.05,10.50,2.50
29.06,10.60,2.60
29.07,10.70,2.70
29.08,10.80,2.80
29.09,10.90,2.90
29.10,11.00,3.00
29.11,11.10,3.10
29.12,11.20,3.20
29.13,11.30,3.30
29.14,11.40,3.40
29.15,11.50,3.50
29.16,11.60,3.60
29.17,11.70,3.70
29.18,11.80,3.80
29.19,11.90,3.90
29.20,12.00,4.00
29.21,12.10,3.90
29.22,12.20,3.80
29.23,12.30,3.70
29.24,12.40,3.60
29.25,12.50,3.50
29.26,12.60,3.40
29.27,12.70,3.30
29.28,12.80,3.20
29.29,12.90,3.10
29.30,13.00,3.00
29.31,13.10,2.90
29.32,13.20,2.80
29.33,13.30,2.70
29.34,13.40,2.60
29.35,13.50,2.50
29.36,13.60,2.40
29.37,13.70,2.30
29.38,13.80,2.20
29.39,13.90,2.10
29.40,14.00,2.00
29.41,14.10,1.90
29.42,14.20,1.80
29.43,14.30,1.70
29.44,14.40,1.60
29.45,14.50,1.50
29.46,14.60,1.40
29.47,14.70,1.30
29.48,14.80,1.20
29.49,14.90,1.10
29.50,15.00,1.00
29.51,15.10,0.90
29.52,15.20,0.80
29.53,15.30,0.70
29.54,15.40,0.60
29.55,15.50,0.50
29.56,15.60,0.40
29.57,15.70,0.30
29.58,15.80,0.20
29.59,15.90,0.10
29.60,16.00,0.00
29.61,16.10,0.10
29.62,16.20,0.20
29.63,16.30,0.30
29.64,16.40,0.40
29.65,16.50,0.50
29.66,16.60,0.60
29.67,16.70,0.70
29.68,16.80,0.80
29.69,16.90,0.90
29.70,17.00,1.00
29.71,17.10,1.10
29.72,17.20,1.20
29.73,17.30,1.30
29.74,17.40,1.40
29.75,17.50,1.50
29.76,17.60,1.60
29.77,17.70,1.70
29.78,17.80,1.80
29.79,17.90,1.90
29.80,18.00,2.00
29.81,18.10,2.10
29.82,18.20,2.20
29.83,18.30,2.30
29.84,18.40,2.40
29.85,18.50,2.50
29.86,18.60,2.60
29.87,18.70,2.70
29.88,18.80,2.80
29.89,18.90,2.90
29.90,19.00,3.00
29.91,19.10,3.10
29.92,19.20,3.20
29.93,19.30,3.30
29.94,19.40,3.40
29.95,19.50,3.50
29.96,19.60,3.60
29.97,19.70,3.70
29.98,19.80,3.80
29.99,19.90,3.90
30.00,20.00,4.00
30.01,20.10,3.90
30.02,20.20,3.80
30.03,20.30,3.70
30.04,20.40,3.60
30.05,20.50,3.50
30.06,20.60,3.40
30.07,20.70,3.30
30.08,20.80,3.20
30.09,20.90,3.10
30.10,21.00,3.00
30.11,21.10,2.90
30.12,21.20,2.80
30.13,21.30,2.70
30.14,21.40,2.60
30.15,21.50,2.50
30.16,21.60,2.40
30.17,21.70,2.30
30.18,21.80,2.20
30.19,21.90,2.10
30.20,22.00,2.00
30.21,22.10,1.90
30.22,22.20,1.80
30.23,22.30,1.70
30.24,22.40,1.60
30.25,22.50,1.50
30.26,22.60,1.40
30.27,22.70,1.30
30.28,22.80,1.20
30.29,22.90,1.10
30.30,23.00,1.00
30.31,23.10,0.90
30.32,23.20,0.80
30.33,23.30,0.70
30.34,23.40,0.60
30.35,23.50,0.50
30.36,23.60,0.40
30.37,23.70,0.30
30.38,23.80,0.20
30.39,23.90,0.10
30.40,24.00,0.00
30.41,24.10,0.10
30.42,24.20,0.20
30.43,24.30,0.30
30.44,24.40,0.40
30.45,24.50,0.50
30.46,24.60,0.60
30.47,24.70,0.70
30.48,24.80,0.80
30.49,24.90,0.90
30.50,25.00,1.00
30.51,25.10,1.10
30.52,25.20,1.20
30.53,25.30,1.30
30.54,25.40,1.40
30.55,25.50,1.50
30.56,25.60,1.60
30.57,25.70,1.70
30.58,25.80,1.80
30.59,25.90,1.90
30.60,26.00,2.00
30.61,26.10,2.10
30.62,26.20,2.20
30.63,26.30,2.30
30.64,26.40,2.40
30.65,26.50,2.50
30.66,26.60,2.60
30.67,26.70,2.70
30.68,26.80,2.80
30.69,26.90,2.90
30.70,27.00,3.00
30.71,27.10,3.10
30.72,27.20,3.20
30.73,27.30,3.30
30.74,27.40,3.40
30.75,27.50,3.50
30.76,27.60,3.60
30.77,27.70,3.70
30.78,27.80,3.80
30.79,27.90,3.90
30.80,28.00,4.00
30.81,28.10,3.90
30.82,28.20,3.80
30.83,28.30,3.70
30.84,28.40,3.60
30.85,28.50,3.50
30.86,28.60,3.40
30.87,28.70,3.30
30.88,28.80,3.20
30.89,28.90,3.10
30.90,29.00,3.00
30.91,29.10,2.90
30.92,29.20,2.80
30.93,29.30,2.70
30.94,29.40,2.60
30.95,29.50,2.50
30.96,29.60,2.40
30.97,29.70,2.30
30.98,29.80,2.20
30.99,29.90,2.10
31.00,30.00,2.00
31.01,30.10,1.90
31.02,30.20,1.80
31.03,30.30,1.70
31.04,30.40,1.60
31.05,30.50,1.50
31.06,30.60,1.40
31.07,30.70,1.30
31.08,30.80,1.20
31.09,30.90,1.10
31.10,31.00,1.00
31.11,31.10,0.90
31.12,31.20,0.80
31.13,31.30,0.70
31.14,31.40,0.60
31.15,31.50,0.50
31.16,31.60,0.40
31.17,31.70,0.30
31.18,31.80,0.20
31.19,31.90,0.10
31.20,32.00,0.00
31.21,32.10,0.10
31.22,32.20,0.20
31.23,32.30,0.30
31.24,32.40,0.40
31.25,32.50,0.50
31.26,32.60,0.60
31.27,32.70,0.70
31.28,32.80,0.80
31.29,32.90,0.90
31.30,33.00,1.00
31.31,33.10,1.10
31.32,33.20,1.20
31.33,33.30,1.30
31.34,33.40,1.40
31.35,33.50,1.50
31.36,33.60,1.60
31.37,33.70,1.70
31.38,33.80,1.80
31.39,33.90,1.90
31.40,34.00,2.00
31.41,34.10,2.10
31.42,34.20,2.20
31.43,34.30,2.30
31.44,34.40,2.40
31.45,34.50,2.50
31.46,34.60,2.60
31.47,34.70,2.70
31.48,34.80,2.80
31.49,34.90,2.90
31.50,35.00,3.00
31.51,35.10,3.10
31.52,35.20,3.20
31.53,35.30,3.30
31.54,35.40,3.40
31.55,35.50,3.50
31.56,35.60,3.60
31.57,35.70,3.70
31.58,35.80,3.80
31.59,35.90,3.90
31.60,36.00,4.00
31.61,36.10,3.90
31.62,36.20,3.80
31.63,36.30,3.70
31.64,36.40,3.60
31.65,36.50,3.50
31.66,36.60,3.40
31.67,36.70,3.30
31.68,36.80,3.20
31.69,36.90,3.10
31.70,37.00,3.00
31.71,37.10,2.90
31.72,37.20,2.80
31.73,37.30,2.70
31.74,37.40,2.60
31.75,37.50,2.50
31.76,37.60,2.40
31.77,37.70,2.30
31.78,37.80,2.20
31.79,37.90,2.10
31.80,38.00,2.00
31.81,38.10,1.90
31.82,38.20,1.80
31.83,38.30,1.70
31.84,38.40,1.60
31.85,38.50,1.50
31.86,38.60,1.40
31.87,38.70,1.30
31.88,38.80,1.20
31.89,38.90,1.10
31.90,39.00,1.00
31.91,39.10,0.90
31.92,39.20,0.80
31.93,39.30,0.70
31.94,39.40,0.60
31.95,39.50,0.50
31.96,39.60,0.40
31.97,39.70,0.30
31.98,39.80,0.20
31.99,39.90,0.10
32.00,40.00,0.00
32.01,40.10,0.10
32.02,40.20,0.20
32.03,40.30,0.30
32.04,40.40,0.40
32.05,40.50,0.50
32.06,40.60,0.60
32.07,40.70,0.70
32.08,40.80,0.80
32.09,40.90,0.90
32.10,41.00,1.00
32.11,41.10,1.10
32.12,41.20,1.20
32.13,41.30,1.30
32.14,41.40,1.40
32.15,41.50,1.50
32.16,41.60,1.60
32.17,41.70,1.70
32.18,41.80,1.80
32.19,41.90,1.90
32.20,42.00,2.00
32.21,42.10,2.10
32.22,42.20,2.20
32.23,42.30,2.30
32.24,42.40,2.40
32.25,42.50,2.50
32.26,42.60,2.60
32.27,42.70,2.70
32.28,42.80,2.80
32.29,42.90,2.90
32.30,43.00,3.00
32.31,43.10,3.10
32.32,43.20,3.20
32.33,43.30,3.30
32.34,43.40,3.40
32.35,43.50,3.50
32.36,43.60,3.60
32.37,43.70,3.70
32.38,43.80,3.80
32.39,43.90,3.90
32.40,44.00,4.00
32.41,44.10,3.90
32.42,44.20,3.80
32.43,44.30,3.70
32.44,44.40,3.60
32.45,44.50,3.50
32.46,44.60,3.40
32.47,44.70,3.30
32.48,44.80,3.20
32.49,44.90,3.10
32.50,45.00,3.00
32.51,45.10,2.90
32.52,45.20,2.80
32.53,45.30,2.70
32.54,45.40,2.60
32.55,45.50,2.50
32.56,45.60,2.40
32.57,45.70,2.30
32.58,45.80,2.20
32.59,45.90,2.10
32.60,46.00,2.00
32.61,46.10,1.90
32.62,46.20,1.80
32.63,46.30,1.70
32.64,46.40,1.60
32.65,46.50,1.50
32.66,46.60,1.40
32.67,46.70,1.30
32.68,46.80,1.20
32.69,46.90,1.10
32.70,47.00,1.00
32.71,47.10,0.90
32.72,47.20,0.80
32.73,47.30,0.70
32.74,47.40,0.60
32.75,47.50,0.50
32.76,47.60,0.40
32.77,47.70,0.30
32.78,47.80,0.20
32.79,47.90,0.10
32.80,48.00,0.00
32.81,48.10,0.10
32.82,48.20,0.20
32.83,48.30,0.30
32.84,48.40,0.40
32.85,48.50,0.50
32.86,48.60,0.60
32.87,48.70,0.70
32.88,48.80,0.80
32.89,48.90,0.90
32.90,49.00,1.00
32.91,49.10,1.10
32.92,49.20,1.20
32.93,49.30,1.30
32.94,49.40,1.40
32.95,49.50,1.50
32.96,49.60,1.60
32.97,49.70,1.70
32.98,49.80,1.80
32.99,49.90,1.90
33.00,50.00,2.00
33.01,50.10,2.10
33.02,50.20,2.20
33.03,50.30,2.30
33.04,50.40,2.40
33.05,50.50,2.50
33.06,50.60,2.60
33.07,50.70,2.70
33.08,50.80,2.80
33.09,50.90,2.90
33.10,51.00,3.00
33.11,51.10,3.10
33.12,51.20,3.20
33.13,51.30,3.30
33.14,51.40,3.40
33.15,51.50,3.50
33.16,51.60,3.60
33.17,51.70,3.70
33.18,51.80,3.80
33.19,51.90,3.90
33.20,52.00,4.00
33.21,52.10,3.90
33.22,52.20,3.80
33.23,52.30,3.70
33.24,52.40,3.60
33.25,52.50,3.50
33.26,52.60,3.40
33.27,52.70,3.30
33.28,52.80,3.20
33.29,52.90,3.10
33.30,53.00,3.00
33.31,53.10,2.90
33.32,53.20,2.80
33.33,53.30,2.70
33.34,53.40,2.60
33.35,53.50,2.50
33.36,53.60,2.40
33.37,53.70,2.30
33.38,53.80,2.20
33.39,53.90,2.10
33.40,54.00,2.00
33.41,54.10,1.90
33.42,54.20,1.80
33.43,54.30,1.70
33.44,54.40,1.60
33.45,54.50,1.50
33.46,54.60,1.40
33.47,54.70,1.30
33.48,54.80,1.20
33.49,54.90,1.10
33.50,55.00,1.00
33.51,55.10,0.90
33.52,55.20,0.80
33.53,55.30,0.70
33.54,55.40,0.60
33.55,55.50,0.50
33.56,55.60,0.40
33.57,55.70,0.30
33.58,55.80,0.20
33.59,55.90,0.10
33.60,56.00,0.00
33.61,56.10,0.10
33.62,56.20,0.20
33.63,56.30,0.30
33.64,56.40,0.40
33.65,56.50,0.50
33.66,56.60,0.60
33.67,56.70,0.70
33.68,56.80,0.80
33.69,56.90,0.90
33.70,57.00,1.00
33.71,57.10,1.10
33.72,57.20,1.20
33.73,57.30,1.30
33.74,57.40,1.40
33.75,57.50,1.50
33.76,57.60,1.60
33.77,57.70,1.70
33.78,57.80,1.80
33.79,57.90,1.90
33.80,58.00,2.00
33.81,58.10,2.10
33.82,58.20,2.20
33.83,58.30,2.30
33.84,58.40,2.40
33.85,58.50,2.50
33.86,58.60,2.60
33.87,58.70,2.70
33.88,58.80,2.80
33.89,58.90,2.90
33.90,59.00,3.00
33.91,59.10,3.10
33.92,59.20,3.20
33.93,59.30,3.30
33.94,59.40,3.40
33.95,59.50,3.50
33.96,59.60,3.60
33.97,59.70,3.70
33.98,59.80,3.80
33.99,59.90,3.90
34.00,60.00,4.00
34.01,60.10,3.90
34.02,60.20,3.80
34.03,60.30,3.70
34.04,60.40,3.60
34.05,60.50,3.50
34.06,60.60,3.40
34.07,60.70,3.30
34.08,60.80,3.20
34.09,60.90,3.10
34.10,61.00,3.00
34.11,61.10,2.90
34.12,61.20,2.80
34.13,61.30,2.70
34.14,61.40,2.60
34.15,61.50,2.50
34.16,61.60,2.40
34.17,61.70,2.30
34.18,61.80,2.20
34.19,61.90,2.10
34.20,62.00,2.00
34.21,62.10,1.90
34.22,62.20,1.80
34.23,62.30,1.70
34.24,62.40,1.60
34.25,62.50,1.50
34.26,62.60,1.40
34.27,62.70,1.30
34.28,62.80,1.20
34.29,62.90,1.10
34.30,63.00,1.00
34.31,63.10,0.90
34.32,63.20,0.80
34.33,63.30,0.70
34.34,63.40,0.60
34.35,63.50,0.50
34.36,63.60,0.40
34.37,63.70,0.30
34.38,63.80,0.20
34.39,63.90,0.10
34.40,64.00,0.00
34.41,64.10,0.10
34.42,64.20,0.20
34.43,64.30,0.30
34.44,64.40,0.40
34.45,64.50,0.50
34.46,64.60,0.60
34.47,64.70,0.70
34.48,64.80,0.80
34.49,64.90,0.90
34.50,65.00,1.00
34.51,65.10,1.10
34.52,65.20,1.20
34.53,65.30,1.30
34.54,65.40,1.40
34.55,65.50,1.50
34.56,65.60,1.60
34.57,65.70,1.70
34.58,65.80,1.80
34.59,65.90,1.90
34.60,66.00,2.00
34.61,66.10,2.10
34.62,66.20,2.20
34.63,66.30,2.30
34.64,66.40,2.40
34.65,66.50,2.50
34.66,66.60,2.60
34.67,66.70,2.70
34.68,66.80,2.80
34.69,66.90,2.90
34.70,67.00,3.00
34.71,67.10,3.10
34.72,67.20,3.20
34.73,67.30,3.30
34.74,67.40,3.40
34.75,67.50,3.50
34.76,67.60,3.60
34.77,67.70,3.70
34.78,67.80,3.80
34.79,67.90,3.90
34.80,68.00,4.00
34.81,68.10,3.90
34.82,68.20,3.80
34.83,68.30,3.70
34.84,68.40,3.60
34.85,68.50,3.50
34.86,68.60,3.40
34.87,68.70,3.30
34.88,68.80,3.20
34.89,68.90,3.10
34.90,69.00,3.00
34.91,69.10,2.90
34.92,69.20,2.80
34.93,69.30,2.70
34.94,69.40,2.60
34.95,69.50,2.50
34.96,69.60,2.40
34.97,69.70,2.30
34.98,69.80,2.20
34.99,69.90,2.10
35.00,70.00,2.00
35.01,69.90,1.90
35.02,69.80,1.80
35.03,69.70,1.70
35.04,69.60,1.60
35.05,69.50,1.50
35.06,69.40,1.40
35.07,69.30,1.30
35.08,69.20,1.20
35.09,69.10,1.10
35.10,69.00,1.00
35.11,68.90,0.90
35.12,68.80,0.80
35.13,68.70,0.70
35.14,68.60,0.60
35.15,68.50,0.50
35.16,68.40,0.40
35.17,68.30,0.30
35.18,68.20,0.20
35.19,68.10,0.10
35.20,68.00,0.00
35.21,67.90,0.10
35.22,67.80,0.20
35.23,67.70,0.30
35.24,67.60,0.40
35.25,67.50,0.50
35.26,67.40,0.60
35.27,67.30,0.70
35.28,67.20,0.80
35.29,67.10,0.90
35.30,67.00,1.00
35.31,66.90,1.10
35.32,66.80,1.20
35.33,66.70,1.30
35.34,66.60,1.40
35.35,66.50,1.50
35.36,66.40,1.60
35.37,66.30,1.70
35.38,66.20,1.80
35.39,66.10,1.90
35.40,66.00,2.00
35.41,65.90,2.10
35.42,65.80,2.20
35.43,65.70,2.30
35.44,65.60,2.40
35.45,65.50,2.50
35.46,65.40,2.60
35.47,65.30,2.70
35.48,65.20,2.80
35.49,65.10,2.90
35.50,65.00,3.00
35.51,64.90,3.10
35.52,64.80,3.20
35.53,64.70,3.30
35.54,64.60,3.40
35.55,64.50,3.50
35.56,64.40,3.60
35.57,64.30,3.70
35.58,64.20,3.80
35.59,64.10,3.90
35.60,64.00,4.00
35.61,63.90,3.90
35.62,63.80,3.80
35.63,63.70,3.70
35.64,63.60,3.60
35.65,63.50,3.50
35.66,63.40,3.40
35.67,63.30,3.30
35.68,63.20,3.20
35.69,63.10,3.10
35.70,63.00,3.00
35.71,62.90,2.90
35.72,62.80,2.80
35.73,62.70,2.70
35.74,62.60,2.60
35.75,62.50,2.50
35.76,62.40,2.40
35.77,62.30,2.30
35.78,62.20,2.20
35.79,62.10,2.10
35.80,62.00,2.00
35.81,61.90,1.90
35.82,61.80,1.80
35.83,61.70,1.70
35.84,61.60,1.60
35.85,61.50,1.50
35.86,61.40,1.40
35.87,61.30,1.30
35.88,61.20,1.20
35.89,61.10,1.10
35.90,61.00,1.00
35.91,60.90,0.90
35.92,60.80,0.80
35.93,60.70,0.70
35.94,60.60,0.60
35.95,60.50,0.50
35.96,60.40,0.40
35.97,60.30,0.30
35.98,60.20,0.20
35.99,60.10,0.10
36.00,60.00,0.00
36.01,59.90,0.10
36.02,59.80,0.20
36.03,59.70,0.30
36.04,59.60,0.40
36.05,59.50,0.50
36.06,59.40,0.60
36.07,59.30,0.70
36.08,59.20,0.80
36.09,59.10,0.90
36.10,59.00,1.00
36.11,58.90,1.10
36.12,58.80,1.20
36.13,58.70,1.30
36.14,58.60,1.40
36.15,58.50,1.50
36.16,58.40,1.60
36.17,58.30,1.70
36.18,58.20,1.80
36.19,58.10,1.90
36.20,58.00,2.00
36.21,57.90,2.10
36.22,57.80,2.20
36.23,57.70,2.30
36.24,57.60,2.40
36.25,57.50,2.50
36.26,57.40,2.60
36.27,57.30,2.70
36.28,57.20,2.80
36.29,57.10,2.90
36.30,57.00,3.00
36.31,56.90,3.10
36.32,56.80,3.20
36.33,56.70,3.30
36.34,56.60,3.40
36.35,56.50,3.50
36.36,56.40,3.60
36.37,56.30,3.70
36.38,56.20,3.80
36.39,56.10,3.90
36.40,56.00,4.00
36.41,55.90,3.90
36.42,55.80,3.80
36.43,55.70,3.70
36.44,55.60,3.60
36.45,55.50,3.50
36.46,55.40,3.40
36.47,55.30,3.30
36.48,55.20,3.20
36.49,55.10,3.10
36.50,55.00,3.00
36.51,54.90,2.90
36.52,54.80,2.80
36.53,54.70,2.70
36.54,54.60,2.60
36.55,54.50,2.50
36.56,54.40,2.40
36.57,54.30,2.30
36.58,54.20,2.20
36.59,54.10,2.10
36.60,54.00,2.00
36.61,53.90,1.90
36.62,53.80,1.80
36.63,53.70,1.70
36.64,53.60,1.60
36.65,53.50,1.50
36.66,53.40,1.40
36.67,53.30,1.30
36.68,53.20,1.20
36.69,53.10,1.10
36.70,53.00,1.00
36.71,52.90,0.90
36.72,52.80,0.80
36.73,52.70,0.70
36.74,52.60,0.60
36.75,52.50,0.50
36.76,52.40,0.40
36.77,52.30,0.30
36.78,52.20,0.20
36.79,52.10,0.10
36.80,52.00,0.00
36.81,51.90,0.10
36.82,51.80,0.20
36.83,51.70,0.30
36.84,51.60,0.40
36.85,51.50,0.50
36.86,51.40,0.60
36.87,51.30,0.70
36.88,51.20,0.80
36.89,51.10,0.90
36.90,51.00,1.00
36.91,50.90,1.10
36.92,50.80,1.20
36.93,50.70,1.30
36.94,50.60,1.40
36.95,50.50,1.50
36.96,50.40,1.60
36.97,50.30,1.70
36.98,50.20,1.80
36.99,50.10,1.90
37.00,50.00,2.00
37.01,49.90,2.10
37.02,49.80,2.20
37.03,49.70,2.30
37.04,49.60,2.40
37.05,49.50,2.50
37.06,49.40,2.60
37.07,49.30,2.70
37.08,49.20,2.80
37.09,49.10,2.90
37.10,49.00,3.00
37.11,48.90,3.10
37.12,48.80,3.20
37.13,48.70,3.30
37.14,48.60,3.40
37.15,48.50,3.50
37.16,48.40,3.60
37.17,48.30,3.70
37.18,48.20,3.80
37.19,48.10,3.90
37.20,48.00,4.00
37.21,47.90,3.90
37.22,47.80,3.80
37.23,47.70,3.70
37.24,47.60,3.60
37.25,47.50,3.50
37.26,47.40,3.40
37.27,47.30,3.30
37.28,47.20,3.20
37.29,47.10,3.10
37.30,47.00,3.00
37.31,46.90,2.90
37.32,46.80,2.80
37.33,46.70,2.70
37.34,46.60,2.60
37.35,46.50,2.50
37.36,46.40,2.40
37.37,46.30,2.30
37.38,46.20,2.20
37.39,46.10,2.10
37.40,46.00,2.00
37.41,45.90,1.90
37.42,45.80,1.80
37.43,45.70,1.70
37.44,45.60,1.60
37.45,45.50,1.50
37.46,45.40,1.40
37.47,45.30,1.30
37.48,45.20,1.20
37.49,45.10,1.10
37.50,45.00,1.00
37.51,44.90,0.90
37.52,44.80,0.80
37.53,44.70,0.70
37.54,44.60,0.60
37.55,44.50,0.50
37.56,44.40,0.40
37.57,44.30,0.30
37.58,44.20,0.20
37.59,44.10,0.10
37.60,44.00,0.00
37.61,43.90,0.10
37.62,43.80,0.20
37.63,43.70,0.30
37.64,43.60,0.40
37.65,43.50,0.50
37.66,43.40,0.60
37.67,43.30,0.70
37.68,43.20,0.80
37.69,43.10,0.90
37.70,43.00,1.00
37.71,42.90,1.10
37.72,42.80,1.20
37.73,42.70,1.30
37.74,42.60,1.40
37.75,42.50,1.50
37.76,42.40,1.60
37.77,42.30,1.70
37.78,42.20,1.80
37.79,42.10,1.90
37.80,42.00,2.00
37.81,41.90,2.10
37.82,41.80,2.20
37.83,41.70,2.30
37.84,41.60,2.40
37.85,41.50,2.50
37.86,41.40,2.60
37.87,41.30,2.70
37.88,41.20,2.80
37.89,41.10,2.90
37.90,41.00,3.00
37.91,40.90,3.10
37.92,40.80,3.20
37.93,40.70,3.30
37.94,40.60,3.40
37.95,40.50,3.50
37.96,40.40,3.60
37.97,40.30,3.70
37.98,40.20,3.80
37.99,40.10,3.90
38.00,40.00,4.00
38.01,39.90,3.90
38.02,39.80,3.80
38.03,39.70,3.70
38.04,39.60,3.60
38.05,39.50,3.50
38.06,39.40,3.40
38.07,39.30,3.30
38.08,39.20,3.20
38.09,39.10,3.10
38.10,39.00,3.00
38.11,38.90,2.90
38.12,38.80,2.80
38.13,38.70,2.70
38.14,38.60,2.60
38.15,38.50,2.50
38.16,38.40,2.40
38.17,38.30,2.30
38.18,38.20,2.20
38.19,38.10,2.10
38.20,38.00,2.00
38.21,37.90,1.90
38.22,37.80,1.80
38.23,37.70,1.70
38.24,37.60,1.60
38.25,37.50,1.50
38.26,37.40,1.40
38.27,37.30,1.30
38.28,37.20,1.20
38.29,37.10,1.10
38.30,37.00,1.00
38.31,36.90,0.90
38.32,36.80,0.80
38.33,36.70,0.70
38.34,36.60,0.60
38.35,36.50,0.50
38.36,36.40,0.40
38.37,36.30,0.30
38.38,36.20,0.20
38.39,36.10,0.10
38.40,36.00,0.00
38.41,35.90,0.10
38.42,35.80,0.20
38.43,35.70,0.30
38.44,35.60,0.40
38.45,35.50,0.50
38.46,35.40,0.60
38.47,35.30,0.70
38.48,35.20,0.80
38.49,35.10,0.90
38.50,35.00,1.00
38.51,34.90,1.10
38.52,34.80,1.20
38.53,34.70,1.30
38.54,34.60,1.40
38.55,34.50,1.50
38.56,34.40,1.60
38.57,34.30,1.70
38.58,34.20,1.80
38.59,34.10,1.90
38.60,34.00,2.00
38.61,33.90,2.10
38.62,33.80,2.20
38.63,33.70,2.30
38.64,33.60,2.40
38.65,33.50,2.50
38.66,33.40,2.60
38.67,33.30,2.70
38.68,33.20,2.80
38.69,33.10,2.90
38.70,33.00,3.00
38.71,32.90,3.10
38.72,32.80,3.20
38.73,32.70,3.30
38.74,32.60,3.40
38.75,32.50,3.50
38.76,32.40,3.60
38.77,32.30,3.70
38.78,32.20,3.80
38.79,32.10,3.90
38.80,32.00,4.00
38.81,31.90,3.90
38.82,31.80,3.80
38.83,31.70,3.70
38.84,31.60,3.60
38.85,31.50,3.50
38.86,31.40,3.40
38.87,31.30,3.30
38.88,31.20,3.20
38.89,31.10,3.10
38.90,31.00,3.00
38.91,30.90,2.90
38.92,30.80,2.80
38.93,30.70,2.70
38.94,30.60,2.60
38.95,30.50,2.50
38.96,30.40,2.40
38.97,30.30,2.30
38.98,30.20,2.20
38.99,30.10,2.10
39.00,30.00,2.00
39.01,29.90,1.90
39.02,29.80,1.80
39.03,29.70,1.70
39.04,29.60,1.60
39.05,29.50,1.50
39.06,29.40,1.40
39.07,29.30,1.30
39.08,29.20,1.20
39.09,29.10,1.10
39.10,29.00,1.00
39.11,28.90,0.90
39.12,28.80,0.80
39.13,28.70,0.70
39.14,28.60,0.60
39.15,28.50,0.50
39.16,28.40,0.40
39.17,28.30,0.30
39.18,28.20,0.20
39.19,28.10,0.10
39.20,28.00,0.00
39.21,27.90,0.10
39.22,27.80,0.20
39.23,27.70,0.30
39.24,27.60,0.40
39.25,27.50,0.50
39.26,27.40,0.60
39.27,27.30,0.70
39.28,27.20,0.80
39.29,27.10,0.90
39.30,27.00,1.00
39.31,26.90,1.10
39.32,26.80,1.20
39.33,26.70,1.30
39.34,26.60,1.40
39.35,26.50,1.50
39.36,26.40,1.60
39.37,26.30,1.70
39.38,26.20,1.80
39.39,26.10,1.90
39.40,26.00,2.00
39.41,25.90,2.10
39.42,25.80,2.20
39.43,25.70,2.30
39.44,25.60,2.40
39.45,25.50,2.50
39.46,25.40,2.60
39.47,25.30,2.70
39.48,25.20,2.80
39.49,25.10,2.90
39.50,25.00,3.00
39.51,24.90,3.10
39.52,24.80,3.20
39.53,24.70,3.30
39.54,24.60,3.40
39.55,24.50,3.50
39.56,24.40,3.60
39.57,24.30,3.70
39.58,24.20,3.80
39.59,24.10,3.90
39.60,24.00,4.00
39.61,23.90,3.90
39.62,23.80,3.80
39.63,23.70,3.70
39.64,23.60,3.60
39.65,23.50,3.50
39.66,23.40,3.40
39.67,23.30,3.30
39.68,23.20,3.20
39.69,23.10,3.10
39.70,23.00,3.00
39.71,22.90,2.90
39.72,22.80,2.80
39.73,22.70,2.70
39.74,22.60,2.60
39.75,22.50,2.50
39.76,22.40,2.40
39.77,22.30,2.30
39.78,22.20,2.20
39.79,22.10,2.10
39.80,22.00,2.00
39.81,21.90,1.90
39.82,21.80,1.80
39.83,21.70,1.70
39.84,21.60,1.60
39.85,21.50,1.50
39.86,21.40,1.40
39.87,21.30,1.30
39.88,21.20,1.20
39.89,21.10,1.10
39.90,21.00,1.00
39.91,20.90,0.90
39.92,20.80,0.80
39.93,20.70,0.70
39.94,20.60,0.60
39.95,20.50,0.50
39.96,20.40,0.40
39.97,20.30,0.30
39.98,20.20,0.20
39.99,20.10,0.10
40.00,20.00,0.00
40.01,19.90,0.10
40.02,19.80,0.20
40.03,19.70,0.30
40.04,19.60,0.40
40.05,19.50,0.50
40.06,19.40,0.60
40.07,19.30,0.70
40.08,19.20,0.80
40.09,19.10,0.90
40.10,19.00,1.00
40.11,18.90,1.10
40.12,18.80,1.20
40.13,18.70,1.30
40.14,18.60,1.40
40.15,18.50,1.50
40.16,18.40,1.60
40.17,18.30,1.70
40.18,18.20,1.80
40.19,18.10,1.90
40.20,18.00,2.00
40.21,17.90,2.10
40.22,17.80,2.20
40.23,17.70,2.30
40.24,17.60,2.40
40.25,17.50,2.50
40.26,17.40,2.60
40.27,17.30,2.70
40.28,17.20,2.80
40.29,17.10,2.90
40.30,17.00,3.00
40.31,16.90,3.10
40.32,16.80,3.20
40.33,16.70,3.30
40.34,16.60,3.40
40.35,16.50,3.50
40.36,16.40,3.60
40.37,16.30,3.70
40.38,16.20,3.80
40.39,16.10,3.90
40.40,16.00,4.00
40.41,15.90,3.90
40.42,15.80,3.80
40.43,15.70,3.70
40.44,15.60,3.60
40.45,15.50,3.50
40.46,15.40,3.40
40.47,15.30,3.30
40.48,15.20,3.20
40.49,15.10,3.10
40.50,15.00,3.00
40.51,14.90,2.90
40.52,14.80,2.80
40.53,14.70,2.70
40.54,14.60,2.60
40.55,14.50,2.50
40.56,14.40,2.40
40.57,14.30,2.30
40.58,14.20,2.20
40.59,14.10,2.10
40.60,14.00,2.00
40.61,13.90,1.90
40.62,13.80,1.80
40.63,13.70,1.70
40.64,13.60,1.60
40.65,13.50,1.50
40.66,13.40,1.40
40.67,13.30,1.30
40.68,13.20,1.20
40.69,13.10,1.10
40.70,13.00,1.00
40.71,12.90,0.90
40.72,12.80,0.80
40.73,12.70,0.70
40.74,12.60,0.60
40.75,12.50,0.50
40.76,12.40,0.40
40.77,12.30,0.30
40.78,12.20,0.20
40.79,12.10,0.10
40.80,12.00,0.00
40.81,11.90,0.10
40.82,11.80,0.20
40.83,11.70,0.30
40.84,11.60,0.40
40.85,11.50,0.50
40.86,11.40,0.60
40.87,11.30,0.70
40.88,11.20,0.80
40.89,11.10,0.90
40.90,11.00,1.00
40.91,10.90,1.10
40.92,10.80,1.20
40.93,10.70,1.30
40.94,10.60,1.40
40.95,10.50,1.50
40.96,10.40,1.60
40.97,10.30,1.70
40.98,10.20,1.80
40.99,10.10,1.90
41.00,10.00,2.00
41.01,9.90,2.10
41.02,9.80,2.20
41.03,9.70,2.30
41.04,9.60,2.40
41.05,9.50,2.50
41.06,9.40,2.60
41.07,9.30,2.70
41.08,9.20,2.80
41.09,9.10,2.90
41.10,9.00,3.00
41.11,8.90,3.10
41.12,8.80,3.20
41.13,8.70,3.30
41.14,8.60,3.40
41.15,8.50,3.50
41.16,8.40,3.60
41.17,8.30,3.70
41.18,8.20,3.80
41.19,8.10,3.90
41.20,8.00,4.00
41.21,7.90,3.90
41.22,7.80,3.80
41.23,7.70,3.70
41.24,7.60,3.60
41.25,7.50,3.50
41.26,7.40,3.40
41.27,7.30,3.30
41.28,7.20,3.20
41.29,7.10,3.10
41.30,7.00,3.00
41.31,6.90,2.90
41.32,6.80,2.80
41.33,6.70,2.70
41.34,6.60,2.60
41.35,6.50,2.50
41.36,6.40,2.40
41.37,6.30,2.30
41.38,6.20,2.20
41.39,6.10,2.10
41.40,6.00,2.00
41.41,5.90,1.90
41.42,5.80,1.80
41.43,5.70,1.70
41.44,5.60,1.60
41.45,5.50,1.50
41.46,5.40,1.40
41.47,5.30,1.30
41.48,5.20,1.20
41.49,5.10,1.10
41.50,5.00,1.00
41.51,4.90,0.90
41.52,4.80,0.80
41.53,4.70,0.70
41.54,4.60,0.60
41.55,4.50,0.50
41.56,4.40,0.40
41.57,4.30,0.30
41.58,4.20,0.20
41.59,4.10,0.10
41.60,4.00,0.00
41.61,3.90,0.10
41.62,3.80,0.20
41.63,3.70,0.30
41.64,3.60,0.40
41.65,3.50,0.50
41.66,3.40,0.60
41.67,3.30,0.70
41.68,3.20,0.80
41.69,3.10,0.90
41.70,3.00,1.00
41.71,2.90,1.10
41.72,2.80,1.20
41.73,2.70,1.30
41.74,2.60,1.40
41.75,2.50,1.50
41.76,2.40,1.60
41.77,2.30,1.70
41.78,2.20,1.80
41.79,2.10,1.90
41.80,2.00,2.00
41.81,1.90,2.10
41.82,1.80,2.20
41.83,1.70,2.30
41.84,1.60,2.40
41.85,1.50,2.50
41.86,1.40,2.60
41.87,1.30,2.70
41.88,1.20,2.80
41.89,1.10,2.90
41.90,1.00,3.00
41.91,0.90,3.10
41.92,0.80,3.20
41.93,0.70,3.30
41.94,0.60,3.40
41.95,0.50,3.50
41.96,0.40,3.60
41.97,0.30,3.70
41.98,0.20,3.80
41.99,0.10,3.90
42.00,0.00,4.00
42.01,0.10,3.90
42.02,0.20,3.80
42.03,0.30,3.70
42.04,0.40,3.60
42.05,0.50,3.50
42.06,0.60,3.40
42.07,0.70,3.30
42.08,0.80,3.20
42.09,0.90,3.10
42.10,1.00,3.00
42.11,1.10,2.90
42.12,1.20,2.80
42.13,1.30,2.70
42.14,1.40,2.60
42.15,1.50,2.50
42.16,1.60,2.40
42.17,1.70,2.30
42.18,1.80,2.20
42.19,1.90,2.10
42.20,2.00,2.00
42.21,2.10,1.90
42.22,2.20,1.80
42.23,2.30,1.70
42.24,2.40,1.60
42.25,2.50,1.50
42.26,2.60,1.40
42.27,2.70,1.30
42.28,2.80,1.20
42.29,2.90,1.10
42.30,3.00,1.00
42.31,3.10,0.90
42.32,3.20,0.80
42.33,3.30,0.70
42.34,3.40,0.60
42.35,3.50,0.50
42.36,3.60,0.40
42.37,3.70,0.30
42.38,3.80,0.20
42.39,3.90,0.10
42.40,4.00,0.00
42.41,4.10,0.10
42.42,4.20,0.20
42.43,4.30,0.30
42.44,4.40,0.40
42.45,4.50,0.50
42.46,4.60,0.60
42.47,4.70,0.70
42.48,4.80,0.80
42.49,4.90,0.90
42.50,5.00,1.00
42.51,5.10,1.10
42.52,5.20,1.20
42.53,5.30,1.30
42.54,5.40,1.40
42.55,5.50,1.50
42.56,5.60,1.60
42.57,5.70,1.70
42.58,5.80,1.80
42.59,5.90,1.90
42.60,6.00,2.00
42.61,6.10,2.10
42.62,6.20,2.20
42.63,6.30,2.30
42.64,6.40,2.40
42.65,6.50,2.50
42.66,6.60,2.60
42.67,6.70,2.70
42.68,6.80,2.80
42.69,6.90,2.90
42.70,7.00,3.00
42.71,7.10,3.10
42.72,7.20,3.20
42.73,7.30,3.30
42.74,7.40,3.40
42.75,7.50,3.50
42.76,7.60,3.60
42.77,7.70,3.70
42.78,7.80,3.80
42.79,7.90,3.90
42.80,8.00,4.00
42.81,8.10,3.90
42.82,8.20,3.80
42.83,8.30,3.70
42.84,8.40,3.60
42.85,8.50,3.50
42.86,8.60,3.40
42.87,8.70,3.30
42.88,8.80,3.20
42.89,8.90,3.10
42.90,9.00,3.00
42.91,9.10,2.90
42.92,9.20,2.80
42.93,9.30,2.70
42.94,9.40,2.60
42.95,9.50,2.50
42.96,9.60,2.40
42.97,9.70,2.30
42.98,9.80,2.20
42.99,9.90,2.10
43.00,10.00,2.00
43.01,10.10,1.90
43.02,10.20,1.80
43.03,10.30,1.70
43.04,10.40,1.60
43.05,10.50,1.50
43.06,10.60,1.40
43.07,10.70,1.30
43.08,10.80,1.20
43.09,10.90,1.10
43.10,11.00,1.00
43.11,11.10,0.90
43.12,11.20,0.80
43.13,11.30,0.70
43.14,11.40,0.60
43.15,11.50,0.50
43.16,11.60,0.40
43.17,11.70,0.30
43.18,11.80,0.20
43.19,11.90,0.10
43.20,12.00,0.00
43.21,12.10,0.10
43.22,12.20,0.20
43.23,12.30,0.30
43.24,12.40,0.40
43.25,12.50,0.50
43.26,12.60,0.60
43.27,12.70,0.70
43.28,12.80,0.80
43.29,12.90,0.90
43.30,13.00,1.00
43.31,13.10,1.10
43.32,13.20,1.20
43.33,13.30,1.30
43.34,13.40,1.40
43.35,13.50,1.50
43.36,13.60,1.60
43.37,13.70,1.70
43.38,13.80,1.80
43.39,13.90,1.90
43.40,14.00,2.00
43.41,14.10,2.10
43.42,14.20,2.20
43.43,14.30,2.30
43.44,14.40,2.40
43.45,14.50,2.50
43.46,14.60,2.60
43.47,14.70,2.70
43.48,14.80,2.80
43.49,14.90,2.90
43.50,15.00,3.00
43.51,15.10,3.10
43.52,15.20,3.20
43.53,15.30,3.30
43.54,15.40,3.40
43.55,15.50,3.50
43.56,15.60,3.60
43.57,15.70,3.70
43.58,15.80,3.80
43.59,15.90,3.90
43.60,16.00,4.00
43.61,16.10,3.90
43.62,16.20,3.80
43.63,16.30,3.70
43.64,16.40,3.60
43.65,16.50,3.50
43.66,16.60,3.40
43.67,16.70,3.30
43.68,16.80,3.20
43.69,16.90,3.10
43.70,17.00,3.00
43.71,17.10,2.90
43.72,17.20,2.80
43.73,17.30,2.70
43.74,17.40,2.60
43.75,17.50,2.50
43.76,17.60,2.40
43.77,17.70,2.30
43.78,17.80,2.20
43.79,17.90,2.10
43.80,18.00,2.00
43.81,18.10,1.90
43.82,18.20,1.80
43.83,18.30,1.70
43.84,18.40,1.60
43.85,18.50,1.50
43.86,18.60,1.40
43.87,18.70,1.30
43.88,18.80,1.20
43.89,18.90,1.10
43.90,19.00,1.00
43.91,19.10,0.90
43.92,19.20,0.80
43.93,19.30,0.70
43.94,19.40,0.60
43.95,19.50,0.50
43.96,19.60,0.40
43.97,19.70,0.30
43.98,19.80,0.20
43.99,19.90,0.10
44.00,20.00,0.00
44.01,20.10,0.10
44.02,20.20,0.20
44.03,20.30,0.30
44.04,20.40,0.40
44.05,20.50,0.50
44.06,20.60,0.60
44.07,20.70,0.70
44.08,20.80,0.80
44.09,20.90,0.90
44.10,21.00,1.00
44.11,21.10,1.10
44.12,21.20,1.20
44.13,21.30,1.30
44.14,21.40,1.40
44.15,21.50,1.50
44.16,21.60,1.60
44.17,21.70,1.70
44.18,21.80,1.80
44.19,21.90,1.90
44.20,22.00,2.00
44.21,22.10,2.10
44.22,22.20,2.20
44.23,22.30,2.30
44.24,22.40,2.40
44.25,22.50,2.50
44.26,22.60,2.60
44.27,22.70,2.70
44.28,22.80,2.80
44.29,22.90,2.90
44.30,23.00,3.00
44.31,23.10,3.10
44.32,23.20,3.20
44.33,23.30,3.30
44.34,23.40,3.40
44.35,23.50,3.50
44.36,23.60,3.60
44.37,23.70,3.70
44.38,23.80,3.80
44.39,23.90,3.90
44.40,24.00,4.00
44.41,24.10,3.90
44.42,24.20,3.80
44.43,24.30,3.70
44.44,24.40,3.60
44.45,24.50,3.50
44.46,24.60,3.40
44.47,24.70,3.30
44.48,24.80,3.20
44.49,24.90,3.10
44.50,25.00,3.00
44.51,25.10,2.90
44.52,25.20,2.80
44.53,25.30,2.70
44.54,25.40,2.60
44.55,25.50,2.50
44.56,25.60,2.40
44.57,25.70,2.30
44.58,25.80,2.20
44.59,25.90,2.10
44.60,26.00,2.00
44.61,26.10,1.90
44.62,26.20,1.80
44.63,26.30,1.70
44.64,26.40,1.60
44.65,26.50,1.50
44.66,26.60,1.40
44.67,26.70,1.30
44.68,26.80,1.20
44.69,26.90,1.10
44.70,27.00,1.00
44.71,27.10,0.90
44.72,27.20,0.80
44.73,27.30,0.70
44.74,27.40,0.60
44.75,27.50,0.50
44.76,27.60,0.40
44.77,27.70,0.30
44.78,27.80,0.20
44.79,27.90,0.10
44.80,28.00,0.00
44.81,28.10,0.10
44.82,28.20,0.20
44.83,28.30,0.30
44.84,28.40,0.40
44.85,28.50,0.50
44.86,28.60,0.60
44.87,28.70,0.70
44.88,28.80,0.80
44.89,28.90,0.90
44.90,29.00,1.00
44.91,29.10,1.10
44.92,29.20,1.20
44.93,29.30,1.30
44.94,29.40,1.40
44.95,29.50,1.50
44.96,29.60,1.60
44.97,29.70,1.70
44.98,29.80,1.80
44.99,29.90,1.90
45.00,30.00,2.00
